1,olahraga,[],[]
2,olahraga,"['Hasil All England 2019, Praveen/Melati Lolos ke Perempat Final']","['BIRMINGHAM, KOMPAS.com - Pasangan ganda campuran Indonesia, Praveen Jordan/Melati Daeva Oktavianti, memastikan langkah ke babak perempat final  All England Open 2019 setelah mengalahkan wakil Jerman, Mark Lamsfuss/Isabel Herttrich.', 'BIRMINGHAM, KOMPAS.com', 'All England Open 2019', 'Pada laga babak kedua yang digelar di Arena Birmingham, Inggris, Kamis (7/3/2019) atau Jumat dini hari WIB, Praveen/Melati menang atas Mark/Isabel dalam straight game dengan skor 21-11 dan 21-17.', 'straight game', 'Pada gim pertama, Mark/Isabel sempat memimpin terlebih dahulu pada awal laga dengan skor 1-3.', 'Baca juga: Hasil All England Open 2019 - Greysia/Apriyani Kandaskan Wakil China', 'Baca juga: Hasil All England Open 2019 - Greysia/Apriyani Kandaskan Wakil China', 'Hasil All England Open 2019 - Greysia/Apriyani Kandaskan Wakil Chin', 'Namun, Praveen/Melati berhasil menyamakan kedudukan dengan Mark/Isabel dengan skor 4-4.', 'Selepas itu, Praveen/Melati trus memimpin hingga jeda interval yang berakhir dengan skor 11-5.', 'Selepas jeda, pasangan ganda campuran Indonesia terus menambah keunggulan dan mengakhiri gim pertama dengan skor 21-11.', 'Pada gim kedua, Praveen/Melati sempat memimpin hingga skor menjadi 6-3.', 'Pertandingan pada gim kedua ini sempat berjalan ketat. Hingga jeda interval, Mark/Isabel sempat unggul atas Praveen/Melati dengan skor 9-11.', 'Selepas jeda, pasangan Indonesia berhasil menyamakan kedudukan menjadi 12-12 dan 14-14.', 'Selanjutnya, Praveen/Melati terus meraih poin hingga gim kedua berakhir dengan keunggulan 21-17 atas Mark/Isabel.', 'Dengan hasil itu, Praveen Jordan/Melati Daeva Oktavianti melaju ke babak perempat final All England Open 2019.', ""\r\n        \r\n            googletag.cmd.push(function() { googletag.display('div-gpt-ad-974648810682144181-4112'); });\r\n        \r\n    "", ""\r\n            googletag.cmd.push(function() { googletag.display('div-gpt-ad-974648810682144181-4112'); });\r\n        "", '', '']"
3,olahraga,['Kompas.com Tersertifikasi dalam Jaringan Internasional Penguji Informasi'],"['KOMPAS.com — Kompas.com secara resmi tersertifikasi dalam jaringan internasional penguji fakta (IFCN - International Fact-Checking Network). Di dunia, selain Kompas.com, baru ada 49 lembaga lain yang mendapat sertifikasi ini.', 'KOMPAS.com', 'Kompas.com', 'IFCN - International Fact-Checking Network', 'Kompas.com', '""Di era digital saat ini, masyarakat dihadapkan pada banjir informasi yang serba tidak pasti kebenarannya. Sertifikasi IFCN ini meneguhkan komitmen Kompas.com\xa0yang selalu menguji setiap informasi untuk mencari dan menemukan kebenaran. Dengan upaya ini, hoaks yang marak dan menyamar sebagai informasi bisa dilawan,"" kata Pemimpin Redaksi Kompas.com Wisnu Nugroho di Jakarta, Rabu (17/10/2018).', 'Kompas.com', 'Kompas.com', '', 'KOMPAS.com/ANDREAS LUKAS ALTOBELI Pemimpin Redaksi Kompas.com Wisnu Nugroho memberikan sambutan saat perayaan HUT Kompas.com di Bentara Budaya Jakarta, Palmerah Selatan, Jakarta, Jumat (14/9/2018). Berbagai acara dan kegiatan meramaikan acara HUT yang ke 23  Kompas.com yang jatuh pada tanggal 14 September.', '', 'KOMPAS.com/ANDREAS LUKAS ALTOBELI', 'Kompas.com', 'Hoaks atau Fakta', 'Kompas.com', ""\r\n        \r\n            googletag.cmd.push(function() { googletag.display('div-gpt-ad-974648810682144181-5112'); });\r\n        \r\n    "", ""\r\n            googletag.cmd.push(function() { googletag.display('div-gpt-ad-974648810682144181-5112'); });\r\n        "", '', 'Hampir setiap hari, Tim Hoaks atau Fakta Kompas.com melakukan verifikasi dengan turun langsung ke lapangan dan menelusuri sumber-sumber yang kredibel untuk memastikan kebenaran sebuah informasi.', 'Kompas.com', 'Database Hoaks atau Fakta yang ditelusuri Kompas.com bisa dilihat di sini.', 'Kompas.com', 'bisa dilihat di sini', 'Bekerja sama dengan Turnbackhoax.id, Kompas.com juga menerima laporan masyarakat atas sejumlah informasi yang ingin diverifikasi. Formulir laporan masyarakat\xa0bisa dilihat di sini\xa0agar siapa pun bisa berpartisipasi.\xa0', 'Kompas.com', 'bisa dilihat di sini', 'Rubrik khusus ini pula yang menjadi salah satu pertimbangan IFCN memasukkan Kompas.com sebagai jejaring lembaga penguji internasional.', 'Kompas.com', 'Pertimbangan lain yang dijadikan dasar adalah sikap Kompas.com yang non-partisan, transparan dalam sumber pendanaan, dan selalu mengutip sumber-sumber yang kredibel untuk setiap beritanya.', 'Kompas.com', 'Di antara 49 lembaga yang\xa0tersertifikasi dalam jaringan internasional penguji fakta (IFCN -\xa0International Fact-Checking Network), ada lima lembaga dari Indonesia.', 'Lima lembaga itu adalah\xa0Kompas.com,\xa0Tirto.id,\xa0Liputan6.com,\xa0Tempo.co, dan Mafindo (turnbackhoax.id).', 'Kompas.com,\xa0', 'Tirto.id', 'Liputan6.com', 'Tempo.co', ""\r\n        \r\n            googletag.cmd.push(function() { googletag.display('div-gpt-ad-974648810682144181-4112'); });\r\n        \r\n    "", ""\r\n            googletag.cmd.push(function() { googletag.display('div-gpt-ad-974648810682144181-4112'); });\r\n        "", '']"
4,olahraga,[],[]
3,olahraga,"['All England 2019, Luka di Jari Telunjuk Kaki Ikut Pengaruhi Performa Jonatan']","['KOMPAS.com - Jonatan Christie harus mengakhiri kiprahnya dalam turnamen bulu tangkis  All England Open 2019. Tunggal putra Indonesia ini ditaklukkan pemain India, Kidambi Srikanth. ', 'KOMPAS.com', 'All England', 'Dalam pertandingan babak kedua di Birmingham Arena, Inggris, Kamis (7/3/2019), Jonatan kalah rubber game 17-21, 21-11, 12-21. Peraih medali emas Asian Games 2018 ini mengakui, Srikanth tampil lebih baik ketimbang pertemuan mereka sebelumnya dalam ajang Indonesia Masters 2019 di mana Jonatan menang.', 'Baca Juga: Hasil All England 2019, Jonatan Christie Disingkirkan Wakil India', 'Baca Juga: Hasil All England 2019, Jonatan Christie Disingkirkan Wakil India', 'Hasil All England 2019, Jonatan Christie Disingkirkan Wakil India', '""Hari ini Srikanth main lebih bagus, tidak banyak melakukan kesalahan sendiri. Dia bisa menerapkan strategi yang tepat melawan saya,"" kata Jonatan setelah pertandingan, dikutip dari Badmintonindonesia.org.', '""Saya tahu dia akan melepas game kedua, dia sudah punya plan di game ketiga dan mempersiapkan tenaga. Tapi pada kedudukan 2-1 di game ketiga, saya merasa kulit jari kaki telunjuk kiri saya sobek dan agak berdarah. Sebetulnya saya sudah coba tahan, tapi perih sekali dan ini berpengaruh ke pergerakan saya yang jadi lebih lambat,"" kata Jonatan.', 'Jonatan juga mengatakan bahwa ia tak tampil dalam permainan terbaiknya. Ia banyak melakukan kesalahan-kesalahan tak perlu yang akhirnya menambah perolehan angka untuk lawan.', 'Baca Juga: Ranking Jonatan Naik, 3 Tunggal Putra Indonesia Tempati 10 Besar Dunia', 'Baca Juga: Ranking Jonatan Naik, 3 Tunggal Putra Indonesia Tempati 10 Besar Dunia', 'Ranking Jonatan Naik, 3 Tunggal Putra Indonesia Tempati 10 Besar Dunia', '""Dalam pertandingan kali ini saya banyak membuat kesalahan sendiri, banyak mati sendiri, yang seharusnya tidak saya lakukan,"" tambahnya.', 'Dengan hasil ini, sektor tunggal putra menyisakan Tommy Sugiarto yang lolos ke babak perempat final. Tommy melaju ke babak delapan besar setelah mengalahkan Huang Yuxiang (China) dengan skor 22-24, 21-17, 21-16 dan akan melawan pemain Hong Kong, Ng Ka Long Angus, yang menyingkirkan Anthony Sinisuka Ginting pada babak pertama.', ""\r\n        \r\n            googletag.cmd.push(function() { googletag.display('div-gpt-ad-974648810682144181-4112'); });\r\n        \r\n    "", ""\r\n            googletag.cmd.push(function() { googletag.display('div-gpt-ad-974648810682144181-4112'); });\r\n        "", '', '']"
4,olahraga,"['All England 2019, Ketut/Rizki Akui Lawan Tampil Buruk sehingga Menang Mudah']","['KOMPAS.com - Ganda putri Indonesia,  Ni Ketut Mahadewi Istarani/ Rizki Amelia Pradipta, melangkah ke babak perempat final turnamen bulu tangkis  All England Open 2019. Tiket itu diraih setelah menang atas wakil Korea Selatan, Chang Ye Na/Jung Kyung Eun, dengan skor 21-18, 21-14.', 'KOMPAS.com', 'Ni Ketut Mahadewi Istarani', 'Rizki Amelia Pradipta', 'All England', 'Ketut/Rizki mengakui, Chung/Jung tak tampil dalam permainan terbaiknya pada laga babak kedua di Birmingham Arena, Inggris, Kamis (7/3/2019). Pada gim kedua, Ketut/Rizki bahkan tak perlu waktu lama untuk menghentikan perlawanan ganda putri senior Negeri Ginseng tersebut.', 'Baca Juga: Hasil All England 2019, Ketut/Rizki Melaju ke Perempat Final', 'Baca Juga: Hasil All England 2019, Ketut/Rizki Melaju ke Perempat Final', 'Hasil All England 2019, Ketut/Rizki Melaju ke Perempat Final', '""Alhamdulillah kali ini bisa main maksimal, dari awal kami memang langsung in, fokus satu demi satu poin dan jangan lengah. Kali ini lawan tampil kurang bagus, mereka banyak melakukan kesalahan sendiri,"" ujar Rizki usai permainan, dikutip dari Badmintonindonesia.org.', 'Padahal, Chang/Jung membuat kejutan besar pada babak pertama. Mereka melewati laga panjang saat mengalahkan unggulan kedua dari Jepang, Misaki Matsutomo/Ayaka Takahashi, dengan skor 21-17, 10-21, 21-19. \xa0', '""Hari ini mereka bermain dalam tekanan, mungkin karena kemarin bermain ramai melawan Misaki/Ayaka. Pasangan Korea dan Jepang tipe mainnya sama, ada menyerangnya, kalau Jepang kan safe banget,"" ujar Ketut.', 'Baca Juga: Hasil Lengkap All England 2019, Ada 7 Wakil Indonesia ke Babak 8 Besar', 'Baca Juga: Hasil Lengkap All England 2019, Ada 7 Wakil Indonesia ke Babak 8 Besar', 'Hasil Lengkap All England 2019, Ada 7 Wakil Indonesia ke Babak 8 Besar', 'Kemenangan Ketut/Rizki membuat Indonesia memiliki dua ganda putri pada babak perempat final. Pasangan terbaik Tanah Air, Greysia Polii/Apriyani Rahayu, juga lolos setelah ungguan keempat ini menang straight game atas Dong Wenjing/Feng Xuenying (China), dengan skor 21-10, 21-12.', 'Pada babak perempat final hari ini, Ketut/Rizki bertemu unggulan ketujuh dari Jepang, Shiho Tanaka/Koharu Yonemoto. Ketut/Rizki unggul 1-0 dalam rekor pertemuan di mana kemenangan itu terjadi dalam Malaysia Masters 2019 pada 16 Januari.', 'Sementara itu, Greysia/Apriyani kembali bertemu rivalnya dari China, Chen Qingchen/Jia Yifan, yang merupakan unggulan kelima.', ""\r\n        \r\n            googletag.cmd.push(function() { googletag.display('div-gpt-ad-974648810682144181-4112'); });\r\n        \r\n    "", ""\r\n            googletag.cmd.push(function() { googletag.display('div-gpt-ad-974648810682144181-4112'); });\r\n        "", '', '']"
7,olahraga,[],[]
8,olahraga,[],[]
9,olahraga,[],[]
10,olahraga,[],[]
11,olahraga,[],[]
12,olahraga,"['Hasil Lengkap All England 2019, Ada 7 Wakil Indonesia ke Babak 8 Besar']","['BIRMINGHAM, KOMPAS.com - Sebanyak tujuh wakil  Indonesia yang berhasil melaju ke babak delapan besar  All England Open 2019 pada Kamis (7/3/2019) atau Jumat dini hari WIB.', 'BIRMINGHAM, KOMPAS.com', 'Indonesia', 'All England Open 2019', 'Sebenarnya, ada delapan wakil Indonesia yang berjuang pada babak kedua All England Open 2019 di Birmingham Arena, London, Inggris.', 'Akan tetapi, satu wakil Indonesia tidak berhasil melewati rintangan di babak kedua sehingga gagal meraih tiket ke perempat final.', ' Jonatan Christie adalah wakil Indonesia yang tersingkir pada babak kedua All England Open 2019.', 'Jonatan Christie', 'Jonatan Christie kalah dari unggulan ketujuh, yaitu Kidambi Srikanth, dengan skor akhir 17-21, 21-11, 12-21.', 'Baca Juga :\xa0All England Open 2019 - Dapat Kartu Merah seperti Marcus, Tommy Bingung', 'Baca Juga :\xa0All England Open 2019 - Dapat Kartu Merah seperti Marcus, Tommy Bingung', 'All England Open 2019 - Dapat Kartu Merah seperti Marcus, Tommy Bingung', 'Adapun, tujuh wakil lainnya berhasil lolos ke babak perempat final.', 'Pasangan ganda campuran baru, Tontowi Ahmad/Winny Oktavina Kandow, berhasil membuat kejutan pada laga babak kedua ini.', 'Tontowi Ahmad/Winny Oktavina Kandow sukses mengalahkan wakil Malaysia sekaligus unggulan kelima, Chan Peng Soon/Goh Liu Ying, dengan skor 21-15, 16-21, 23-21.', 'Dari sektor tunggal,  Tommy Sugiarto menjadi satu-satunya wakil Indonesia yang lolos ke perempat final.', 'Tommy Sugiarto', 'Kendati mendapat kartu merah pada gim ketiga,  Tommy Sugiarto dapat mengalahkan wakil China Huang Yuxiang dengan skor akhir 22-24, 21-17, 21-16.\xa0(Bayu Nur Cahyo)', 'Tommy Sugiarto', '(Bayu Nur Cahyo)', 'Berikut hasil lengkap pertandingan para wakil Indonesia di babak kedua All England Open 2019.', 'Berikut hasil lengkap pertandingan para wakil Indonesia di babak kedua All England Open 2019.', 'Tunggal putra', 'Tunggal putra', '\nJonatan Christie vs Kidambi Srikanth (India) - 17-21, 21-11, 12-21\n Tommy Sugiarto vs Huang Yuxiang (China) - 22-24, 21-17, 21-16\n', 'Jonatan Christie vs Kidambi Srikanth (India) - 17-21, 21-11, 12-21', ' Tommy Sugiarto vs Huang Yuxiang (China) - 22-24, 21-17, 21-16', ' Tommy Sugiarto', 'Tommy Sugiarto', 'Ganda putra', 'Ganda putra', '\nFajar Alfian/Muhammad Rian Ardianto vs Ou Xuanyi/Ren Xiangyu (China) - 13-21, 21-19, 23-21\nMohammad Ahsan/Hendra Setiawan vs Vladimir Ivanov/Ivan Sozonov (Rusia) - 21-19, 21-18\n', 'Fajar Alfian/Muhammad Rian Ardianto vs Ou Xuanyi/Ren Xiangyu (China) - 13-21, 21-19, 23-21', 'Fajar Alfian/Muhammad Rian Ardianto', 'Mohammad Ahsan/Hendra Setiawan vs Vladimir Ivanov/Ivan Sozonov (Rusia) - 21-19, 21-18', 'Mohammad Ahsan/Hendra Setiawan', 'Ganda putri', 'Ganda putri', '\nGreysia Polii/Apriyani Rahayu vs Dong Wenjing/Feng Xueying (China) - 21-10, 21-12\nNi Ketut Mahadewi Istarani/Rizki Amelia Pradipta vs Chang Ye-na/Jung Kyung-eun (Korea Selatan) - 21-13, 21-11\n', 'Greysia Polii/Apriyani Rahayu vs Dong Wenjing/Feng Xueying (China) - 21-10, 21-12', 'Greysia Polii/Apriyani Rahayu', 'Ni Ketut Mahadewi Istarani/Rizki Amelia Pradipta vs Chang Ye-na/Jung Kyung-eun (Korea Selatan) - 21-13, 21-11', 'Ni Ketut Mahadewi Istarani/Rizki Amelia Pradipta', 'Ganda Campuran', 'Ganda Campuran', '\nPraveen Jordan/Melati Daeva Oktavianti vs Mark Lamssfuss Isabel Herttrich (Jerman) - 21-11, 21-17\nTontowi Ahmad/Winny Oktavina Kandow vs Chan Peng Soon/Goh Liu Ying (Malaysia) - 21-15, 16-21, 23-21\n', 'Praveen Jordan/Melati Daeva Oktavianti vs Mark Lamssfuss Isabel Herttrich (Jerman) - 21-11, 21-17', 'Praveen Jordan/Melati Daeva Oktavianti', 'Tontowi Ahmad/Winny Oktavina Kandow vs Chan Peng Soon/Goh Liu Ying (Malaysia) - 21-15, 16-21, 23-21', 'Tontowi Ahmad/Winny Oktavina Kandow', ""\r\n        \r\n            googletag.cmd.push(function() { googletag.display('div-gpt-ad-974648810682144181-4112'); });\r\n        \r\n    "", ""\r\n            googletag.cmd.push(function() { googletag.display('div-gpt-ad-974648810682144181-4112'); });\r\n        "", '', '']"
13,olahraga,['Kompas.com Sabet Penghargaan Berita Online Terpercaya dari Superbrands'],"['JAKARTA,  KOMPAS.com -  Kompas.com mendapat penghargaan  Superbrands untuk kategori Berita Online Terpercaya (Trusted Online News). Penghargaan diberikan pada Gala Awards Night 2018 yang digelar di Hotel JW Marriot, Jakarta, Jumat (27/7/2018) malam.', 'JAKARTA,  KOMPAS.com', 'KOMPAS.com', ' Kompas.com', 'Kompas.com', 'Superbrands', 'Mewakili Kompas.com, Pemimpin Redaksi Kompas.com\xa0Wisnu Nugroho menerima secara simbolik penghargaan tersebut dari CEO Superbrands Indonesia Grandtyana Mayasari. ', 'Kompas.com', 'Kompas.com\xa0', ' Saat ditemui di sela-sela acara, Wisnu menyampaikan terima kasih kepada para pembaca Kompas.com yang menaruh kepercayaan pada berita-berita yang diproduksi jurnalis dan tim redaksi Kompas.com. ', 'Kompas.com', 'Kompas.com', ' ""Ini adalah bonus atas upaya Kompas.com menjaga kepercayaan pembaca kepada kami,"" ujar Wisnu Nugroho, usai menerima penghargaan.', 'Kompas.com', 'Baca juga: VIK Kompas.com Raih Penghargaan Internasional Asian Digital Awards', 'Baca juga: VIK Kompas.com Raih Penghargaan Internasional Asian Digital Awards', 'VIK Kompas.com Raih Penghargaan Internasional Asian Digital Awards', ' Wisnu menilai penghargaan tersebut akan memacu Kompas.com untuk bekerja lebih baik lagi, terutama untuk menjadi referensi berita terpercaya di tengah banjirnya informasi akhir-akhir ini.', 'Kompas.com', ' ""Kompas.com akan terus berusaha menjadi sumber berita terpercaya di tengah banjir informasi,"" sebutnya.', 'Kompas.com', 'Menurut Wisnu, dengan menjadi sumber berita terpercaya, berita Kompas.com\xa0diharapkan dapat membantu pembaca menemukan kepastian di tengah ketidakpastian karena banjir informasi yang munculkan disinformasi (hoaks).', 'Kompas.com', 'Baca juga:\xa0Jurnalis Kompas.com Raih Juara Kontes Infografis pada Workshop Visualisasi Data', 'Baca juga:\xa0Jurnalis Kompas.com Raih Juara Kontes Infografis pada Workshop Visualisasi Data', 'Jurnalis Kompas.com Raih Juara Kontes Infografis pada Workshop Visualisasi Data', 'Apresiasi kepada pelaku industri', 'Apresiasi kepada pelaku industri', 'Dalam acara ini, ada puluhan produk yang mendapat penghargaan sebagai yang terbaik di kategorinya masing-masing.', 'Grandtyana Mayasari menyatakan, pemberian penghargaan tersebut merupakan bentuk apresiasi Superbrands Indonesia kepada pelaku industri.', 'Menurut dia, keberhasilan mencipatkan produk dan menerapkan strategi marketing yang tepat berdampak signifikan terhadap merk masing-masing. ', ' ""Superbrands terus berupaya untuk menaikkan nilai jual logo Superbrands sehingga merk yang membawanya juga akan meningkat nilainya di mata konsumen,"" kata Grandtyana. ', ""\r\n        \r\n            googletag.cmd.push(function() { googletag.display('div-gpt-ad-974648810682144181-4112'); });\r\n        \r\n    "", ""\r\n            googletag.cmd.push(function() { googletag.display('div-gpt-ad-974648810682144181-4112'); });\r\n        "", '', '']"
14,olahraga,['Indra Sjafri: Jarang Ada Orang Indonesia Seperti Marinus'],"['JAKARTA, KOMPAS.com - Pelatih tim nasional U-23 Indonesia,  Indra Sjafri memuji salah satu pemainnya,  Marinus Wanewar. Ia bahkan menilai Marinus sebagai orang baik yang jarang ditemui di Indonesia.', 'JAKARTA, KOMPAS.com', 'Indra Sjafri', 'Marinus Wanewar', 'Hal itu disampaikan Indra mengacu pada keputusan Marinus yang menggelontrkan bonus Rp 200 juta untuk memperbaiki gereja di desanya di Papua. Itu adalah bonus yang diberikan Presiden Joko Widodo untuk skuad timnas yang menjuarai  Piala AFF U-22 di Kamboja, akhir Februari lalu.', 'Piala AFF U-22', '""Siapa bilang Marinus bukan anak baik. Dapat bonus Rp 200 juta, dia perbaiki gereja. Ada enggak orang di Indonesia yang seperti itu. Jarang,"" kata Indra dalam wawancara eksklusif bersama Kompas.com dan BolaSport.com, di Jakarta, Selasa (5/3/2019).', 'Baca juga: Wawancara Eksklusif, Indra Sjafri Buka-bukaan Soal Keberhasilan Timnas Juarai Piala AFF U-22 ', 'Baca juga: Wawancara Eksklusif, Indra Sjafri Buka-bukaan Soal Keberhasilan Timnas Juarai Piala AFF U-22 ', 'Wawancara Eksklusif, Indra Sjafri Buka-bukaan Soal Keberhasilan Timnas Juarai Piala AFF U-22 ', '""Jadi kalau orang bilang dia jelek, saya adalah orang yang bilang dia anak baik. Makanya ada hastag anak baik,"" ujar Indra.', '', 'KOMPAS.COM/FERRIL DENNYS Ekspresi pelatih tim nasional U-23 Indonesia, Indra Sjafri, dalam wawancara eksklusif dengan Kompas.com di Jakarta, Selasa (5/3/2019). ', '', 'KOMPAS.COM/FERRIL DENNYS', 'Sebelum bergabung di tim asuhan Indra Sjafri, Marinus dikenal sebagai pemain yang kerap tampil emosional. Namun di bawah tangan Indra, ia bisa tampil tenang dan menyabet gelar top scorer pada Piala AFF U-22 2019.', 'Menurut Indra, dirinya sudah mempelajari karakter Marinus berdasarkan hasil psikotest. Karena itu, ia tak begitu saja percaya dengan opini banyak orang.', 'Baca juga:\xa0Juara Piala AFF U-22, 4 Pertanyaan untuk Marinus, Sang Top Scorer', 'Baca juga:\xa0Juara Piala AFF U-22, 4 Pertanyaan untuk Marinus, Sang Top Scorer', 'Juara Piala AFF U-22, 4 Pertanyaan untuk Marinus, Sang Top Scorer', '""Dokter Joe Rumeser mengatakan Marinus itu perlu tokoh yang bisa dia percaya. Oleh sebab itu saya orang yang dia percaya. Kalau dia sudah percaya ke saya, bilang ke A pasti dia lakukan A,"" lanjut Indra.', '""Tapi saya juga harus menjaga diri. Saya bilang \'Marinus, kamu tidak boleh keluar malam dan saya tidak pernah keluar malam\'. Marinus, kamu harus rajin ke gereja, saya rajin ke masjid. Jadi dia ada yang dia contoh. Ada yang dia percayai. Tidak mungkin orang percaya ke kita dia tidak patuh ke kita. Itu yang saya lakukan""', '""(Saat bertemu Presiden) tahu enggak apa yang dia bilang ke Presiden \'Pak, tolong perbaiki jalan kampung saya\'. Gila enggak itu,"" pungkas Indra.', 'Baca juga:\xa0Ditanya Jokowi Ingin Apa? Marinus Minta Perbaikan Jalan di Kampungnya di Papua', 'Baca juga:\xa0Ditanya Jokowi Ingin Apa? Marinus Minta Perbaikan Jalan di Kampungnya di Papua', 'Ditanya Jokowi Ingin Apa? Marinus Minta Perbaikan Jalan di Kampungnya di Papua', '', '', '', '', ""\r\n        \r\n            googletag.cmd.push(function() { googletag.display('div-gpt-ad-974648810682144181-4112'); });\r\n        \r\n    "", ""\r\n            googletag.cmd.push(function() { googletag.display('div-gpt-ad-974648810682144181-4112'); });\r\n        "", '', '']"
15,olahraga,['Indra Sjafri Akan Depak Pemain Seperti Kepa Arrizabalaga'],"['JAKARTA, KOMPAS.com - Pelatih tim nasional U-23 Indonesia  Indra Sjafri menyatakan dirinya pasti akan mendepak pemain yang berkelakuan seperti Kepa Arrizabalaga.', 'JAKARTA, KOMPAS.com', 'Indra Sjafri', 'Kepa adalah kiper Chelsea yang belum lama ini membuat heboh. Saat turun di Final Piala Liga, 24 Februari lalu, Kepa menolak diganti dengan kiper lainnya, Willy Caballero.', 'Pada laga tersebut, Chelsea kalah adu penalti dari Manchester City.', '""Kalau saya, saya putuskan kontrak dia. Kalau ada pemain saya, jangankan dia menolak diganti, dia diganti terus dia keluar dengan muka yang enggak enak, paginya saya buang itu,"" kata Indra dalam wawancara eksklusif bersama Kompas.com dan BolaSport.com, di Jakarta, Selasa (5/3/2019).', 'Kompas.com', 'BolaSport.com', 'Baca juga: Wawancara Eksklusif, Indra Sjafri Buka-bukaan Soal Keberhasilan Timnas Juarai Piala AFF U-22 ', 'Baca juga: Wawancara Eksklusif, Indra Sjafri Buka-bukaan Soal Keberhasilan Timnas Juarai Piala AFF U-22 ', 'Wawancara Eksklusif, Indra Sjafri Buka-bukaan Soal Keberhasilan Timnas Juarai Piala AFF U-22 ', '', 'ADRIAN DENNIS / AFP Kiper Chelsea, Kepa Arrizabalaga, menunjukkan gestur menolak ditarik keluar lapangan dalam laga melawan Manchester City di final Piala Liga Inggris, 24 Februari 2019.', '', 'ADRIAN DENNIS / AFP', 'Kejadian menolak digantinya Kepa bermula saat ia mendapat perawatan dari tim medis Chelsea karena keram. Beberapa orang dari tim medis tersebut kemudian kembali ke bangku pemain dan menyarankan Kepa untuk diganti.', 'Pelatih Maurizio Sarri menuruti rekomendasi dari tim medis dan meminta kiper cadangan Caballero untuk bersiap. Saat wasit keempat hendak mengangkat papan pergantian pemain, Kepa tiba-tiba mengirim pesan ke bangku pemain bahwa dirinya baik-baik saja. Kepa meminta untuk tetap bermain dan tidak diganti.', 'Melihat Kepa menolak diganti, Sarri marah besar hingga sempat meninggalkan bangku pemain ke ruang ganti sebelum kembali lagi.', 'Baca juga: Tindakan Kontroversial Kepa Arrizabalaga Bikin Chelsea Makin Kompak', 'Baca juga: Tindakan Kontroversial Kepa Arrizabalaga Bikin Chelsea Makin Kompak', 'Tindakan Kontroversial Kepa Arrizabalaga Bikin Chelsea Makin Kompak', ""\r\n        \r\n            googletag.cmd.push(function() { googletag.display('div-gpt-ad-974648810682144181-4112'); });\r\n        \r\n    "", ""\r\n            googletag.cmd.push(function() { googletag.display('div-gpt-ad-974648810682144181-4112'); });\r\n        "", '', '']"
16,olahraga,"['PSG Vs Man United, Solskjaer Puji Tahith Chong dan Mason Greenwood']","['KOMPAS.com - Pelatih Manchester United,  Ole Gunnar Solskjaer, memuji pemain mudanya yang berandil dalam kemenangan atas Paris Saint-Germain (PSG) dalam laga leg kedua babak 16 besar Liga Champions.', 'KOMPAS.com', 'Ole Gunnar Solskjaer', 'leg', 'Paris Saint-Germain menelan pil pahit ketika menjamu Manchester United dalam pertandingan leg kedua babak 16 besar Liga Champions di Stadion Parc des Princes, Rabu (6/3/2019) waktu setempat atau Kamis dini hari WIB.', 'leg', 'PSG dipermalukan  Man United dengan skor 1-3.', 'Man United', 'Gol Paris Saint-Germain dicetak oleh Juan Bernat pada menit ke-12.', ""Sementara itu, gol-gol Manchester United disarangkan oleh Romelu Lukaku (2', 30') dan Marcus Rashford (90+4')."", 'Baca juga: PSG Vs Man United, Kunci Rashford Taklukkan Buffon Saat Penalti', 'Baca juga: PSG Vs Man United, Kunci Rashford Taklukkan Buffon Saat Penalti', 'PSG Vs Man United, Kunci Rashford Taklukkan Buffon Saat Penalti', 'Kemenangan ini membuat Man United mengukir sejarah.', 'The Red Devils menjadi tim pertama yang mampu lolos ke babak berikutnya meski takluk 0-2 di kandang sendiri pada pertemuan pertama Liga Champions.', 'Man United lolos berkat keunggulan produktivitas gol tandang dari agregat 3-3.', 'Rupanya, keyakinan untuk bisa menyingkirkan Paris Saint-Germain sudah dimiliki pasukan Ole Gunnar Solskjaer sebelum laga dimulai.', '""Kami selalu menyadari bahwa mungkin untuk lolos ke perempat final,"" kata Ole Gunnar Solskjaer seperti dilansir BolaSport.com dari situs resmi UEFA.', '""Inilah Manchester United, inilah yang kami lakukan,"" ucap Solskjaer.', 'Baca juga: PSG Vs Man United, Neymar Tak Terima dengan Keputusan Wasit', 'Baca juga: PSG Vs Man United, Neymar Tak Terima dengan Keputusan Wasit', 'PSG Vs Man United, Neymar Tak Terima dengan Keputusan Wasit', 'Ole Gunnar Solskjaer pun menyanjung dua pemain muda yang diturunkannya, yakni Tahith Chong (19 tahun) dan Mason Greenwood (17 tahun).', 'Chong merupakan pemain Manchester United U-23.', 'Dia telah melakoni debut bersama tim senior Man United ketika diturunkan pada menit ke-90+5 untuk menggantikan Marcus Rashford dalam laga Liga Inggris melawan Southampton di Stadion Old Trafford, Sabtu (2/3/2019).', 'Terbaru, Tahith Chong merumput selama 10 menit setelah dimasukkan Solskjaer pada menit ke-80 untuk menggantikan Andreas Pereira.', '', 'MUTV Gelandang muda Manchester United, Tahith Chong.', '', 'MUTV', 'Adapun Mason Greenwood untuk pertama kalinya melakoni pertandingan bersama tim senior Man United.', 'Greenwood sekadar beraksi selama tiga menit ketika menghadapi Paris Saint-Germain.', '\nWhat a game to make your #MUFC debut in ???? pic.twitter.com/DUzCDOXdVn\n— Manchester United (@ManUtd) 6 Maret 2019', 'What a game to make your #MUFC debut in ???? pic.twitter.com/DUzCDOXdVn', '#MUFC', 'pic.twitter.com/DUzCDOXdVn', '6 Maret 2019', 'Baca juga: PSG Vs Man United, Solskjaer Terinspirasi dari Kemenangan Ajax', 'Baca juga: PSG Vs Man United, Solskjaer Terinspirasi dari Kemenangan Ajax', 'PSG Vs Man United, Solskjaer Terinspirasi dari Kemenangan Ajax', 'Striker yang telah membukukan 22 gol dari 22 penampilan bersama Manchester United U-18 pada musim 2018-2019 ini menggantikan Ashley Young pada menit ke-87.', 'Kendati Chong dan Greenwood cuma berada di lapangan sebentar, Ole Gunnar Solskjaer tetap memberikan apresiasi.', '""Dua pemain muda yang masuk ke lapangan memberi kami lebih banyak energi ketika kami membutuhkan gol,"" ujar Ole Gunnar Solskjaer. (Septian Tambunan)', '(Septian Tambunan)', ""\r\n        \r\n            googletag.cmd.push(function() { googletag.display('div-gpt-ad-974648810682144181-4112'); });\r\n        \r\n    "", ""\r\n            googletag.cmd.push(function() { googletag.display('div-gpt-ad-974648810682144181-4112'); });\r\n        "", '', '', '']"
16,olahraga,"['Man United Tanpa 10 Pemain Inti, Solskjaer Panggil 4 Pemain Muda untuk Lawan PSG']","['KOMPAS.com -  Manchester United menghadapi masalah cukup pelik menjelang pertandingan melawan Paris Saint-Germain pada leg kedua babak 16 besar  Liga Champions, Rabu (6/3/2019) atau Kamis dini hari WIB. Klub berjulukan The Red Devils ini dilanda badai cedera.', 'KOMPAS.com', 'Manchester United', 'Liga Champions', 'Untuk mengatasi hal tersebut, manajer interim Ole Gunner Solskjaer mengerahkan sejumlah pemain muda untuk memperkuat tim dalam lawatan ke Parc des Princes. Mereka akan menutupi lubang yang ditinggalkan 10 pemain inti Man United yang tidak bisa tampil dalam laga tersebut.', 'Baca Juga: Cari Tandem Van Dijk, Liverpool Lirik Bek Tengah Moenchengladbach', 'Baca Juga: Cari Tandem Van Dijk, Liverpool Lirik Bek Tengah Moenchengladbach', 'Cari Tandem Van Dijk, Liverpool Lirik Bek Tengah Moenchengladbach', 'Alexis Sanchez (lutut), Juan Mata (paha), Nemanja Matic (paha), Ander Herrera (paha), Anthony Martial (pangkal paha) dan Jesse Lingard (paha) semuanya masih cedera. Sementara itu Paul Pogba terkena skors akibat kartu merah yang ia terima pada leg pertama.', 'Phil Jones belum bugar 100 persen, begitu pula dengan Antonio Valencia dan Matteo Darmian yang baru bisa menjalani latihan fisik ringan.', '\nChong, Greenwood, Gomes and Williams have travelled to Paris with the United squad. #mufc pic.twitter.com/G15JiPWYTB\n— United Xtra (@utdxtra) March 5, 2019', 'Chong, Greenwood, Gomes and Williams have travelled to Paris with the United squad. #mufc pic.twitter.com/G15JiPWYTB', '#mufc', 'pic.twitter.com/G15JiPWYTB', 'March 5, 2019', 'Demi mengatasi kondisi skuad yang tampak pincang ini, Man United pun mengikutsertakan empat pemain muda mereka. Dua penyerang muda, Tahith Chong (19) dan Mason Greenwood (17), akan membantu melapis Romelu Lukaku dan Marcus Rashford di lini sedangkan Angel Gomes (18), akan membantu menambal lini tengah. Solskjaer juga mengikutsertakan bek kiri muda, Brandon Williams (18).', 'Baca Juga: Jadwal Siaran Langsung Liga Champions, Malam Ini PSG Vs Man United', 'Baca Juga: Jadwal Siaran Langsung Liga Champions, Malam Ini PSG Vs Man United', 'Jadwal Siaran Langsung Liga Champions, Malam Ini PSG Vs Man United', 'Man United memang tengah menghadapi misi sulit dalam laga nanti. Mereka harus bisa membalikkan situasi karena tertinggal 0-2 akibat kekalahan di Stadion Old Trafford pada leg pertama. Man United harus menang dengan selisih tiga gol atau lebih jika ingin melaju ke babak perempat final. (Sri Mulyati)', 'Kompas TV Waktunya Nimbrung, Bicara Olahraga #WarungBOLA, setiap Selasa Malam.', '', 'Kompas TV', ""\r\n        \r\n            googletag.cmd.push(function() { googletag.display('div-gpt-ad-974648810682144181-4112'); });\r\n        \r\n    "", ""\r\n            googletag.cmd.push(function() { googletag.display('div-gpt-ad-974648810682144181-4112'); });\r\n        "", '', '', '']"
16,olahraga,['Zinedine Zidane Tolak Permintaan Presiden Real Madrid untuk Kembali'],"['KOMPAS.com - Mantan Presiden  Real Madrid, Ramon Calderon, menyatakan bahwa  Zinedine Zidane telah menolak tawaran untuk kembali menukangi klub raksasa Spanyol itu.', 'KOMPAS.com', 'Real Madrid', 'Zinedine Zidane', 'Sebelumnya, Presiden Real Madrid  Florentino Perez dikabarkan memanggil Zidane untuk menggantikan posisi  Santiago Solari yang telah gagal mengantarkan El Real melaju ke perempat final Liga Champions.', 'Florentino Perez', 'Santiago Solari', 'Namun, harapan Real Madrid untuk mendapatkan kembali Zidane tampaknya tidak akan terwujud. Sebab, menurut Ramon Calderon, pelatih berpaspor Perancis itu telah menolak tawaran yang diajukan Florentino Perez.', '""Saya tahu pagi ini presiden (Florentino Perez) telah memanggil Zidane untuk kembali, tapi dia mengatakan tidak sekarang,"" ujar Ramon Calderon, dilansir BBC, Kamis (7/3/2019).', 'BBC', '""Dia telah membuka kemungkinan kembali pada Juni nanti,"" kata dia melanjutkan.', 'Zidane meninggalkan Real Madrid pada musim panas tahun lalu atau tepatnya lima hari setelah membawa timnya meraih gelar Liga Champions 2017/2018.', 'Baca juga: Casemiro Sebut Solari Mirip dengan Zidane dalam Hal Pendekatan', 'Baca juga: Casemiro Sebut Solari Mirip dengan Zidane dalam Hal Pendekatan', 'Casemiro Sebut Solari Mirip dengan Zidane dalam Hal Pendekatan', 'Dia menjadi pelatih pertama yang berhasil meraih gelar Liga Champions dalam tiga musim beruntun.', 'Pelatih berusia 46 tahun itu kemudian memilih menganggur setelah meninggalkan Real Madrid. Hingga kini, Zidane belum memutuskan untuk kembali menjalani karier sebagai pelatih klub.', 'Florentino Perez dirumorkan ingin membawa Zidane kembali untuk memperbaiki nasib Real Madrid musim ini.', 'Baca juga: Lahirnya Real Madrid, Bermula dari Perpecahan hingga Dapat Dukungan Raja', 'Baca juga: Lahirnya Real Madrid, Bermula dari Perpecahan hingga Dapat Dukungan Raja', 'Lahirnya Real Madrid, Bermula dari Perpecahan hingga Dapat Dukungan Raja', 'Madrid memang terseok-seok setelah ditinggalkan Zidane. Pergantian pelatih dari Julen Lopetegui ke Santiago Solari belum mampu meningkatkan performa Madrid.', 'Klub raksasa Spanyol itu sudah tersingkir dari perebutan gelar Copa del Rey dan Liga Champions pada pekan ini. Mereka juga terancam tidak bisa menjuarai Liga Spanyol karena tertinggal terlalu jauh dari Barcelona yang memimpin klasemen sementara.', 'Kekalahan memalukan 1-4 dari Ajax Amsterdam pada laga leg kedua babak 16 besar Liga Champions di Stadion Santiago Bernabeu, Selasa (5/3/2019), disebut-sebut bakal membuat Solari didepak dari kursi pelatih Real Madrid.', '\xa0', ""\r\n        \r\n            googletag.cmd.push(function() { googletag.display('div-gpt-ad-974648810682144181-4112'); });\r\n        \r\n    "", ""\r\n            googletag.cmd.push(function() { googletag.display('div-gpt-ad-974648810682144181-4112'); });\r\n        "", '', '']"
16,olahraga,['Kapolri Pimpin Kenaikan Pangkat Luar Biasa Dua Pemain Timnas U-22'],"['JAKARTA, KOMPAS.com - Kapolri Jenderal Polisi, Tito Karnavian, memimpin kenaikan pangkat luar biasa (KPLB) dua pemain tim nasional U-22, Briptu Rizki Sani Fauzi dan Briptu  Awan Setho Raharjo, di Mabes Polri, Jakarta, Selasa (5/3/2019).', 'JAKARTA, KOMPAS.com', 'Awan Setho', 'Sani dan Awan merupakan anggota skuad saat juara Piala AFF U-22 2019 di Kamboja, akhir Februari lalu. Keduanya juga merupakan anggota kepolisian.', 'Sani adalah anggota Sat Brimobda Polda Metro Jaya. Pemain yang berposisi sebagai gelandang itu turut mencetak gol saat timnas menang 2-1 atas Thailand di pertandingan final di Stadion Olimpiade Phnom Penh, Kamboja, Selasa (26/2/2019).', 'Baca juga: Latihan Perdana Setelah Juara, Timnas U-22 Kini Disebut Timnas U-23', 'Baca juga: Latihan Perdana Setelah Juara, Timnas U-22 Kini Disebut Timnas U-23', 'Latihan Perdana Setelah Juara, Timnas U-22 Kini Disebut Timnas U-23', 'Sedangkan Awan merupakan anggota Biro SDM Polda Jawa Tengah. Ia berposisi sebagai penjaga gawang.', 'Sejumlah petinggi Polri lainnya ikut serta dalam acara tersebut. Turut hadir pula Manajer AKBP Sumardji, dan Pelatih Indra Sjafri.', 'Dalam Upacara ini, Tito menyampaikan ucapan terima kasih kepada Sani dan Awan atas prestasinya yang bukan hanya mengharumkan nama Polri, tetapi juga turut mengharumkan nama Indonesia di kancah Sepak Bola Internasional.', 'Baca juga: Anggota Skuad Juara AFF U-22 Tak Otomatis Masuk Timnas U-23', 'Baca juga: Anggota Skuad Juara AFF U-22 Tak Otomatis Masuk Timnas U-23', 'Anggota Skuad Juara AFF U-22 Tak Otomatis Masuk Timnas U-23', 'Atas prestasinya tersebut, Tito memberikan kenaikan pangkat luar biasa kepada mereka berdua dari yang sebelumnya Brigadir Polisi Dua menjadi Brigadir Polisi Satu.', '""Saya merasa sangat bangga ada dua anggota Polri yang ada disana, bukan hanya sebagai pemain biasa tetapi juga ada yang mencetak gol. Sehingga ini menggerakkan saya selaku pimpinan Polri untuk menyampaikan penghargaan dalam bentuk Kenaikan Pangkat Luar Biasa"" kata Tito dikutip dari keterangan tertulis Mabes Polri.', '\xa0', '\xa0', ""\r\n        \r\n            googletag.cmd.push(function() { googletag.display('div-gpt-ad-974648810682144181-4112'); });\r\n        \r\n    "", ""\r\n            googletag.cmd.push(function() { googletag.display('div-gpt-ad-974648810682144181-4112'); });\r\n        "", '', '']"
20,olahraga,"['Hasil Liga Champions, Singkirkan PSG, Manchester United Melaju']","['', '', 'KOMPAS.com -  Manchester United berhasil memastikan langkah ke perempat final  Liga Champions setelah menyingkirkan  Paris Saint-Germain ( PSG) dengan agregat 3-3.', 'KOMPAS.com', 'Manchester United', 'Liga Champions', 'Paris Saint-Germain', 'PSG', 'Manchester United berhasil mencuri kemenangan 3-1 saat bertandang ke markas PSG, Stadion Parc des Princes, pada laga leg kedua babak 16 besar, Rabu (6/3/2019) atau Kamis dini hari WIB.', ""Dua gol dari Romelu Lukaku (2' dan 30') serta tendangan penalti dari Marcus Rashford (90'+2) membuat Setan Merah berhak atas tiket ke perempat final setelah kalah 0-2 dari PSG pada\xa0\xa0laga leg pertama di Old Trafford, 13 Februari 2019 lalu."", 'Manchester United unggul dalam agresivitas gol tandang atas PSG meski kedua tim ini mengemas agregat imbang 3-3.', 'Di sisi lain, sebiji gol balasan yang dicetak Juan Bernat dengan memanfaatkan assist Kylian Mbappe pada menit ke-12 belum cukup menjadi jaminan PSG untuk lolos ke perempat final.', 'assist', 'Agregat menjadi 3-3. Namun, PSG tersisih karena kalah dalam agresivitas gol tandang.', 'Baca juga: Hasil Liga Champions, Singkirkan PSG, Manchester United Melaju', 'Baca juga: Hasil Liga Champions, Singkirkan PSG, Manchester United Melaju', 'Baca juga: Hasil Liga Champions, Singkirkan PSG, Manchester United Melaju', 'Hasil Liga Champions, Singkirkan PSG, Manchester United Melaju', 'PSG sebenarnya berpeluang mengatasi ketertinggalan pada laga ini saat tendangan Angel di Maria menerobos masuk gawang Man United.', 'Sementara itu,  Porto juga berhasil meraih satu tiket perempat final setelah mengandaskan  AS Roma pada laga leg kedua babak 16 besar.', 'Porto', 'AS Roma', 'Bertanding di Stadion do Dragao, Porto meraih kemenangan 3-1 atas Roma setelah melalui babak perpanjangan waktu. Porto pun melaju dengan mengantongi agregat 4-3 atas Roma.', 'Baca juga: Porto Vs AS Roma, Gol Alex Telles Loloskan Porto ke Perempat Final', 'Baca juga: Porto Vs AS Roma, Gol Alex Telles Loloskan Porto ke Perempat Final', 'Porto Vs AS Roma, Gol Alex Telles Loloskan Porto ke Perempat Final', ""\r\n        \r\n            googletag.cmd.push(function() { googletag.display('div-gpt-ad-974648810682144181-4112'); });\r\n        \r\n    "", ""\r\n            googletag.cmd.push(function() { googletag.display('div-gpt-ad-974648810682144181-4112'); });\r\n        "", '', '']"
20,olahraga,['Indra Sjafri Ancam Coret Ezra Walian dari Timnas U-23 Indonesia'],"['KOMPAS.com - Pelatih tim nasional U-23 Indonesia,  Indra Sjafri, bakal mencoret  Ezra Walian jika pemain naturalisasi asal Belanda tersebut tidak hadir dalam pemusatan latihan untuk Kualifikasi Piala Asia U-23 2020 pada 22-26 Maret mendatang di Vietnam.', 'KOMPAS.com -', 'Indra Sjafri', 'Ezra Walian', 'Ezra Walian masuk dalam 30 nama pemain yang dipanggil Indra Sjafri untuk mengikuti pemusatan latihan. Sebanyak 23 nama merupakan anggota skuat timnas U-22 Indonesia yang berhasil meraih juara Piala AFF U-22 2019, sisanya tujuh pemain baru.', 'Mereka adalah Egy Maulana Vikri, Saddil Ramdani, Ezra Walian, TM Ichsan, Mahir Radja, Kadek Raditya, dan Feby Eka Putra. Dari ketujuh pemain tersebut, tinggal Egy Maulana Vikri, Saddil Ramdani, dan Ezra Walian yang belum juga hadir di tengah-tengah Andy Setyo dkk.\xa0', 'Baca juga: Juara Piala AFF U-22, 4 Pertanyaan untuk Marinus, Sang Top Scorer', 'Baca juga: Juara Piala AFF U-22, 4 Pertanyaan untuk Marinus, Sang Top Scorer', 'Juara Piala AFF U-22, 4 Pertanyaan untuk Marinus, Sang Top Scorer', 'Indra Sjafri mengatakan, untuk Egy Maulana Vikri dan Saddil Ramdani sudah ada kejelasan kapan bergabung bersama timnas U-23 Indonesia.', 'Sementara untuk Ezra Walian, Indra Sjafri belum mengetahui kabar terbaru dari pemain yang saat ini berlaga di kasta kedua Liga Belanda bersama RKC Waalwijk.', '""Ezra Walian saya tidak tahu entah di mana dia sekarang. Enggak ada kabar soalnya,"" kata Indra Sjafri di Lapangan ABC, Senayan, Jakarta Pusat, Selasa (5/3/2019).', 'Pemanggilan Indra Sjafri ini bukan untuk pertama kali bagi Ezra Walian.', 'Sebelumnya, pemain naturalisasi itu sempat diminta hadir saat timnas U-22 Indonesia menggelar pemusatan latihan jelang berlaga di Piala AFF U-22 2019. Akan tetapi, Ezra Walian tidak bisa datang karena pihak klub enggan melepasnya ke timnas U-22 Indonesia lantaran Piala AFF bukan merupakan agenda FIFA.', 'Belum hadirnya Ezra Walian membuat Indra Sjafri hanya punya dua penyerang yang berlatih bersama timnas U-23 Indonesia, yaitu Marinus Wanewar dan Dimas Drajad.', '""Saya sudah memberikan dua kali kesempatan kepada Ezra Walian,"" kata Indra Sjafri.', '""Kalau minggu ini dia tidak juga ada, dia keluar,"" tutur mantan pelatih Bali United tersebut.', ""\r\n        \r\n            googletag.cmd.push(function() { googletag.display('div-gpt-ad-974648810682144181-4112'); });\r\n        \r\n    "", ""\r\n            googletag.cmd.push(function() { googletag.display('div-gpt-ad-974648810682144181-4112'); });\r\n        "", '', '']"
21,olahraga,['LeBron James Lampaui Rekor Michael Jordan'],"['LOS ANGELES, Kompas.com - Bintang Los Angeles Lakers, LeBron James\xa0 menggeser posisi  Michael Jordan di posisi empat sebagai penghasil poin terbanyak sepanjang sejarah Liga NBA.', 'LOS ANGELES, Kompas.com -', 'Michael Jordan', 'LeBron mencatat prestasi fenomenal ini saat LA Lakers dikalahkan tamunya, Denver Nuggets 62-78. Ia menyamai perolehan Jordan sebanyak 32.292 poin dalam 12 poin pertama.\xa0 Ia kemudian menambahkan 9 poin lagi untuk memastikan rekor sementaranya adalah 33.001 poin.', 'Sesudah memecahkan rekor Jordan, LeBron menutup wajahnya dengan handuk untuk menutupi tangisnya. ""Ini seperti hal yang tidak nyata,"" tulisnya melalui twitter.', 'LeBron yang telah berusia 34 tahun mencapai rekornya tersebut setelah melalui 1.190 gim setelah bermain bersama Miami Heat, Cleveland Cavaliers dan Lakers.\xa0 Sementara\xa0 Jordan mencapainya dalam 1.072 gim bersama\xa0 Chicago Bulls dan Washington Wizards.', 'Dengan perolehan ini, LeBron mengincar posisi tiga yang kini ditempati legenda Lakers lainya, Kobe Bryant dengan 33.643 poin.', 'Peringkat pertama masih ditempati legenda Lakers lainnya, Kareem Abdul-Jabbar dengan 38.387 poin serta bintang Utah Jazz Karl Malone di peringkat dua dengan 36.928 poin.', ""Berikut peringkat 10 besar pencetak poin terbanyak NBA1.\xa0\xa0 \xa0Kareem Abdul-Jabbar\xa0\xa0 \xa038,3872.\xa0\xa0 \xa0Karl Malone\xa0\xa0 \xa036,9283.\xa0\xa0 \xa0Kobe Bryant\xa0\xa0 \xa033,6434.\xa0\xa0 \xa0LeBRON JAMES\xa0\xa0 \xa033,0015.\xa0\xa0 \xa0Michael Jordan\xa0\xa0 \xa032,2926.\xa0\xa0 \xa0Wilt Chamberlain\xa0\xa0 \xa031,4197.\xa0\xa0 \xa0DIRK NOWITZKI\xa0\xa0 \xa031,3628.\xa0\xa0 \xa0Shaquille O'Neal\xa0\xa0 \xa028,5969.\xa0\xa0 \xa0Moses Malone\xa0\xa0 \xa027,40910.\xa0\xa0 \xa0Elvin Hayes\xa0\xa0 \xa027,313"", 'Berikut peringkat 10 besar pencetak poin terbanyak NBA', '', '', '', '', '', '', '', '', '', '', ""\r\n        \r\n            googletag.cmd.push(function() { googletag.display('div-gpt-ad-974648810682144181-4112'); });\r\n        \r\n    "", ""\r\n            googletag.cmd.push(function() { googletag.display('div-gpt-ad-974648810682144181-4112'); });\r\n        "", '', '']"
23,olahraga,"['Lawan Stapac Jakarta, Pacific Caesar Optimistis Hadapi Semifinal IBL']","['KOMPAS.com - Babak semifinal Indonesia Basketball League ( IBL) musim 2018-2019 mempertemukan  Pacific Caesar Surabaya dan  Stapac Jakarta di Gelanggang Mahasiswa Soemantri Brodjonegoro, Kuningan, Jakarta, 8-10 Maret 2019 mendatang.', 'KOMPAS.com', 'IBL', 'Pacific Caesar Surabaya', 'Stapac Jakarta', 'Pacific Caesar Surabaya sudah mengantisipasi pertemuan tersebut.', '""Kami akan berhadapan dengan tim terbaik di babak reguler. Pacific akan terus bekerja keras sampai hasil pertandingan memutuskan kami harus berhenti dari kompetisi musim ini,"" kata pelatih Pacific, Kencana Wukir.', 'Pacific Caesar membuat kejutan dengan mengalahkan Pelita Jaya untuk memastikan diri lolos ke babak semifinal.', 'Kapten tim, Muhammad Hardian Wicaksono, mengatakan, kemenangan itu membuktikan tidak ada yang mustahil.', 'Baca juga: Semifinal IBL, Satria Muda Siap Balas Dendam kepada NSH', 'Baca juga: Semifinal IBL, Satria Muda Siap Balas Dendam kepada NSH', 'Semifinal IBL, Satria Muda Siap Balas Dendam kepada NSH', '""Tugas belum selesai. Kami akan berusaha keras melawan Stapac. Segala sesuatu bisa terjadi di atas lapangan,"" ujarnya.', 'Sementara itu, pelatih Stapac Jakarta, Giedrius Zibenas, menilai posisi juara divisi dan langsung menuju semifinal bukanlah sebuah keuntungan bagi timnya.', '""Dengan istirahat tak bermain di babak play-off, kami harus menjaga semangat bertanding anak-anak. Salah satunya dengan melakukan scrimmage untuk menjaga naluri bertanding para pemain,"" kata Zibenas.', 'play-off', 'scrimmage', 'Dia pun belum puas dengan menjadi peringkat pertama di babak reguler.', '""Tujuan kami adalah juara,"" ucapnya lagi. (Lariza Oky Adisty)', ""\r\n        \r\n            googletag.cmd.push(function() { googletag.display('div-gpt-ad-974648810682144181-4112'); });\r\n        \r\n    "", ""\r\n            googletag.cmd.push(function() { googletag.display('div-gpt-ad-974648810682144181-4112'); });\r\n        "", '', '']"
24,olahraga,"['Jadwal Piala Presiden Hari Ini, Persebaya Hadapi Persib']","['BANDUNG, KOMPAS.com - Grup A  Piala Presiden 2019 kini telah memasuki laga putaran kedua yang akan digelar pada Kamis (7/3/2019) di Stadion Si Jalak Harupat.', 'BANDUNG, KOMPAS.com', 'Piala Presiden', ' Persebaya Surabaya akan menghadapi tuan rumah,  Persib Bandung, pada laga putaran kedua ini.', 'Persebaya Surabaya', 'Persib Bandung', 'Persib Bandung kalah 1-2 dari  PS Tira Persikabo pada laga sebelumnya di Stadion Si Jalak Harupat, Sabtu (2/3/2019).', 'PS Tira Persikabo', 'Kegagalan itu membuat Persib Bandung harus bekerja keras untuk dua laga sisa, masing-masing melawan Persebaya dan  Perseru Serui. Selain itu, Persib menjadi juru kunci sementara Grup A Piala Presiden.', 'Perseru Serui', 'Baca juga:\xa0Piala Presiden 2019, Pelatih Persipura Sebut Laga Berjalan Fair', 'Baca juga:\xa0Piala Presiden 2019, Pelatih Persipura Sebut Laga Berjalan Fair', 'Piala Presiden 2019, Pelatih Persipura Sebut Laga Berjalan Fair', 'Sedangkan Persebaya Surabaya sudah meraih tiga poin hasil kemenangan tipis 3-2 atas Perseru Serui dan menjadi pemuncak klasemen sementara.', 'Namun, Persebaya harus kehilangan lima pemain menjelang laga melawan Persib ini. Lima pemain Persebaya yang absen merupakan pemain tumpuan tim berjulukan Bajol Ijo itu.', 'Kelima pemain yang absen tersebut ialah Otavio Dutra, Ruben Sanadi, Hansamu Yama, Rachmat Irianto, dan Osvaldo Haay.', 'Sementara pada laga lain, PS Tira Persikabo akan menghadapi Perseru Serui.', 'Tira Persikabo yang menempati peringkat kedua dipastikan akan mencari poin maksimal agar mengamankan laju ke babak selanjutnya.', 'Berikut Jadwal Piala Presiden 2019, Kamis (7/3/2019):', 'Berikut Jadwal Piala Presiden 2019, Kamis (7/3/2019):', '\nTira-Persikabo vs Perseru Serui pukul 15.30 WIB\nPersebaya Surabaya vs Persib Bandung pukul 18.30 WIB\n', 'Tira-Persikabo vs Perseru Serui pukul 15.30 WIB', 'Persebaya Surabaya vs Persib Bandung pukul 18.30 WIB', ""\r\n        \r\n            googletag.cmd.push(function() { googletag.display('div-gpt-ad-974648810682144181-4112'); });\r\n        \r\n    "", ""\r\n            googletag.cmd.push(function() { googletag.display('div-gpt-ad-974648810682144181-4112'); });\r\n        "", '', '']"
25,olahraga,['Perayaan Nyepi ala Ni Ketut pada Turnamen All England Open 2019'],"['BIRMINGHAM, KOMPAS.com - Pebulu tangkis ganda putri Indonesia,  Ni Ketut Mahadewi Istarani, terpaksa merayakan hari raya Nyepi tanpa didampingi keluarganya. Saat ini, dia tengah berjuang pada turnamen  All England Open 2019.', 'BIRMINGHAM, KOMPAS.com', 'Ni Ketut Mahadewi Istarani', 'All England Open 2019', 'Nyepi yang merupakan hari raya umat Hindu di Indonesia jatuh pada Kamis (7/3/2019). Bagi Ni Ketut, merayakan Nyepi tanpa berkumpul bersama keluarga tentu membuatnya sedih.', 'Meski demikian, pada saat yang bersamaan, dia juga merasa bangga karena bertugas mengharumkan nama bangsa dalam turnamen bulu tangkis bergengsi di dunia itu.', 'Baca juga: PSG Vs Man United, Solskjaer Puji Tahith Chong dan Mason Greenwood', 'Baca juga: PSG Vs Man United, Solskjaer Puji Tahith Chong dan Mason Greenwood', 'PSG Vs Man United, Solskjaer Puji Tahith Chong dan Mason Greenwood', '""Memang ada perasaan sedih, tetapi ada juga senangnya,"" kata Ni Ketut saat dihubungi pada Rabu (6/3/2019).', '""Sedihnya, enggak bisa kumpul keluarga. Akan tetapi, saya juga senang karena pada hari raya Nyepi bisa berjuang untuk Indonesia,"" ucap dara kelahiran Tabanan, Bali, pada 24 tahun silam itu.', 'Ni Ketut menyatakan, membela negara sama seperti halnya dengan beribadah. Oleh karena itu, dia mengaku tak masalah meski harus merayakan Nyepi di Inggris.', '""Bela negara juga sama dengan halnya kita beribadah, jadi enggak masalah untuk itu,"" kata Ni Ketut.', '""Bagi yang bisa melakukan, ya silakan lakukan. Namun, kalau memang ada hal-hal penting seperti ini, pastinya kita harus tahu mana yang perlu didahulukan,"" katanya.', 'Pada All England tahun ini, Ni Ketut berpasangan dengan Rizki Amelia Pradipta. Mereka menjadi salah satu wakil Indonesia yang berhasil menembus babak kedua.', 'Ni Ketut/Rizki lolos ke babak kedua setelah dinyatakan menang retired atas pasangan Denmark,\xa0Maiken Fruergaard/Sara Thygesen.', 'retired', 'Baca juga: Ketika Batistuta Tak Masalah Anaknya Bekerja di Tempat Fotokopi...', 'Baca juga: Ketika Batistuta Tak Masalah Anaknya Bekerja di Tempat Fotokopi...', 'Ketika Batistuta Tak Masalah Anaknya Bekerja di Tempat Fotokopi...', 'Selanjutnya, Ni Ketut/Rizki akan menghadapi pasangan Korea Selatan, Chang Ye-na/Jung Kyung-eun, yang sukses menaklukkan unggulan kedua asal Jepang, Misaki Matsutomo/Ayaka Takahashi.', 'Chang/Jung yang merupakan non-unggulan sukses mengalakan Matsutomo/Takahashi dengan kedudukan rubber game 21-17, 10-21, dan 21-19.', 'rubber game', ""\r\n        \r\n            googletag.cmd.push(function() { googletag.display('div-gpt-ad-974648810682144181-4112'); });\r\n        \r\n    "", ""\r\n            googletag.cmd.push(function() { googletag.display('div-gpt-ad-974648810682144181-4112'); });\r\n        "", '', '']"
26,olahraga,"['Hasil Liga Champions, Real Madrid Tersisih, Ajax dan Tottenham Lolos']","['', '', 'KOMPAS.com - Kejutan terjadi pada hasil laga kedua babak 16 besar Liga Champions, Selasa (5/3/2019) atau Rabu dini hari WIB. Juara bertahan  Real Madrid tersisih.', 'KOMPAS.com -', 'Real Madrid', 'Real Madrid tersisih di hadapan pendukungnya sendiri, Stadion Santiago Bernabeu, seusai kalah 1-4 dari  Ajax Amsterdam.', 'Ajax Amsterdam', ""Gol-gol penentu kemenangan Ajax dicetak Hakim Ziyech (menit ke-7), David Neres (18'), Dusan Tadic (62'), dan Lasse Schoene (72'). Tuan rumah sekali membalas lewat Marco Asensio (70')."", 'Baca review lengkapnya: Real Madrid Vs Ajax, Sang Juara Bertahan Tumbang di Kandang', 'Baca review lengkapnya: Real Madrid Vs Ajax, Sang Juara Bertahan Tumbang di Kandang', 'Real Madrid Vs Ajax, Sang Juara Bertahan Tumbang di Kandang', '\n2 - Ajax are only the second team to eliminate Real Madrid from a European knockout tie having lost the first leg at home, after Odense Boldklub in the 1994-95 UEFA Cup. Shocker.\n— OptaJoe (@OptaJoe) March 5, 2019', '2 - Ajax are only the second team to eliminate Real Madrid from a European knockout tie having lost the first leg at home, after Odense Boldklub in the 1994-95 UEFA Cup. Shocker.', 'March 5, 2019', 'Ajax Amsterdam lolos dengan keunggulan agregat 5-3 atas Real Madrid. Sang juara bertahan pun tersungkur di babak 16 besar.', 'Sementara itu,  Tottenham Hotspur memastikan diri lolos seusai menyisihkan  Borussia Dortmund. Mereka 4-0 unggul secara agregat atas wakil Liga Jerman itu.', 'Tottenham Hotspur', 'Borussia Dortmund', 'Pada pertandingan kedua di Signal Iduna Park, Tottenham menang 1-0 atas tuan rumah berkat gol Harry Kane.\xa0', 'Baca review lengkapnya: Dortmund Vs Tottenham, Harry Kane Tentukan Kemenangan Spurs', 'Baca review lengkapnya: Dortmund Vs Tottenham, Harry Kane Tentukan Kemenangan Spurs', 'Dortmund Vs Tottenham, Harry Kane Tentukan Kemenangan Spurs', '\n3 - Tottenham have won all three of their Champions League meetings with Borussia Dortmund, their best 100% record against an opponent in the competition. Scourge. #TOTDOR pic.twitter.com/DjxSdp6b8L\n— OptaJoe (@OptaJoe) March 5, 2019', '3 - Tottenham have won all three of their Champions League meetings with Borussia Dortmund, their best 100% record against an opponent in the competition. Scourge. #TOTDOR pic.twitter.com/DjxSdp6b8L', '#TOTDOR', 'pic.twitter.com/DjxSdp6b8L', 'March 5, 2019', '\xa0', '\xa0', ""\r\n        \r\n            googletag.cmd.push(function() { googletag.display('div-gpt-ad-974648810682144181-4112'); });\r\n        \r\n    "", ""\r\n            googletag.cmd.push(function() { googletag.display('div-gpt-ad-974648810682144181-4112'); });\r\n        "", '', '', '']"
27,olahraga,"['Kandas di All England 2019, Lin Dan Akui Sulit Konsentrasi']","['KOMPAS.com - Langkah pebulu tangkis tunggal putra senior asal China,  Lin Dan, harus terhenti di babak pertama  All England Open 2019, Rabu (6/3/2019).', 'KOMPAS.com', 'Lin Dan', 'All England', 'Lin Dan melakoni laga perdananya di Arena Birmingham, London, Inggris, dengan cukup mengejutkan.', 'Pebulu tangkis berjuluk ""Super Dan"" tersebut tunduk dari tunggal putra asal Jepang, Kanta Tsuneyama.', 'Bermain taktis dan cemerlang pada gim pertama, nyatanya tak memudahkan langkah Lin Dan untuk menyelesaikan pertandingan dalam dua gim saja.', 'Baca juga: Marcus/Kevin Langsung Tersingkir pada Babak Pertama All England 2019', 'Baca juga: Marcus/Kevin Langsung Tersingkir pada Babak Pertama All England 2019', 'Marcus/Kevin Langsung Tersingkir pada Babak Pertama All England 2019', 'Lin Dan yang telah unggul 20-14 sempat hampir ditikung oleh Tsuneyama hingga skor pada gim pertama berakhir 21-19 untuk kemenangan Lin Dan.', 'Meski telah mengantongi gim pertama, momentum hilang fokus pada akhir gim tersebut tampaknya belum hilang dari Lin Dan.', 'Hal ini terbukti pada gim kedua, Lin Dan tertinggal jauh dari Tsuneyama hingga skor 9-19 dan gim kedua pun menjadi milik Tsuneyama.', 'Memasuki gim ketiga, penampilan Lin Dan semakin terlihat menurun.', 'Baca juga: Jadwal All England 2019, 8 Wakil Indonesia Berlaga di Babak Kedua', 'Baca juga: Jadwal All England 2019, 8 Wakil Indonesia Berlaga di Babak Kedua', 'Jadwal All England 2019, 8 Wakil Indonesia Berlaga di Babak Kedua', 'Peraih dua medali emas Olimpiade itu pun akhirnya kalah dari Tsuneyama dengan skor akhir 21-19, 14-21, dan 7-21.', '""Saya merasa semakin sulit memfokuskan konsentrasi saya pada akhir babak pertama,"" kata Lin Dan dikutip dari Xinhua.', 'Xinhua', '""Setelah konsentrasi saya buyar, akan sulit untuk mendapatkannya kembali,"" ujarnya.', 'Kekalahan Lin Dan dari Tsuneyama membuktikan betapa persaingan di setiap kompetisi makin sengit, palagi periode pengumpulan poin menuju Olimpiade 2020 bakal segera dimulai.', '""Setiap pemain berjuang sangat keras untuk memenangi lebih banyak poin karena Olimpiade makin dekat,"" ucap Lin Dan.', '""Saya akan lebh banyak mengikuti turnamen untuk menambah peringkat saya,"" ucap Lin Dan lagi.', 'Turnamen terderkat selanjutnya yang bakal diikuti oleh Lin Dan ialah Swiss Open 2019 (12-17 Maret). Pada babak pertama, dia akan berhadapan dengan wakil tuan rumah, Christian Kirchmayr. (Nestri Yuniardi)', ""\r\n        \r\n            googletag.cmd.push(function() { googletag.display('div-gpt-ad-974648810682144181-4112'); });\r\n        \r\n    "", ""\r\n            googletag.cmd.push(function() { googletag.display('div-gpt-ad-974648810682144181-4112'); });\r\n        "", '', '']"
28,olahraga,"['Hasil All England 2019, Tontowi/Winny Tembus Perempat Final']","['KOMPAS.com\xa0- Pasangan ganda campuran Indonesia,  Tontowi Ahmad/ Winny Oktavina Kandow, berhasil melaju ke perempat final  All England Open 2019 setelah mengalahkan wakil Malaysia, Chan Peng Soon/Goh Liu Ying.', 'KOMPAS.com\xa0', 'Tontowi Ahmad', 'Winny Oktavina Kandow', 'All England', 'Bertanding di Birmingham, Inggris, Kamis (7/3/2019), Tontowi/Winny menang dalam dua gim langsung dengan skor 21-15, 16-21, dan 23-21.', 'Pada awal gim pertama, Tontowi/Winny sempat tertinggal 0-1, lalu perolehan poin menjadi sama kuat 3-3.', 'Setelah itu Tontowi/Winny mulai bisa mengendalikan laga dengan selalu unggul dalam perolehan poin.', 'Beberapa kali penempatan kok dari Tontowi/Winny sulit dikembalikan Chan Peng Soon/Goh Liu Ying.', 'Interval gim pertama ditutup dengan skor 11-10 untuk keunggulan Tontowi/Winny.', 'Setelah interval, Tontowi/Winny tetap bisa menjaga fokus. Mereka unggul 15-11. Beberapa kali pukulan dari Tontowi/Winny tak bisa dikembalikan dengan baik. Mereka pun menutup gim pertama dengan skor 21-15.', 'Baca juga: Hasil All England 2019, Ahsan/Hendra Melaju ke Perempat Final', 'Baca juga: Hasil All England 2019, Ahsan/Hendra Melaju ke Perempat Final', 'Baca juga: Hasil All England 2019, Ahsan/Hendra Melaju ke Perempat Final', 'Hasil All England 2019, Ahsan/Hendra Melaju ke Perempat Final', '', 'Pada gim kedua, laga berlangsung ketat. Beberapa kali terjadi perolehan poin yang sama, yakni 3-3 dan 5-5.', 'Namun, setelah itu, pasangan Malaysia beberapa kali bisa menekan Tontowi/Winny. Interval gim kedua ditutup dengan skor 9-11 untuk Chan Peng Soon/Goh Liu Ying.', 'Setelah interval, Tontowi/Winny belum bisa keluar dari tekanan. Mereka tertinggal 12-15.', 'Mendapat momentum, Chan Peng Soon/Goh Liu Ying bisa mengendalikan laga hingga unggul pada gim itu dengan skor 21-16.', 'Baca juga: Perayaan Nyepi ala Ni Ketut pada Turnamen All England Open 2019', 'Baca juga: Perayaan Nyepi ala Ni Ketut pada Turnamen All England Open 2019', 'Perayaan Nyepi ala Ni Ketut pada Turnamen All England Open 2019', 'Pada gim penentuan, laga kembali berlangsung sengit. Sempat tertinggal 2-4, Tontowi/Winny kemudian bisa menyamakan kedudukan menjadi 6-6 dan 7-7.', 'Bahkan, mereka bisa menyalip perolehan poin lawan dengan skor 9-8 dan menutup interval gim ketiga dengan skor 11-9.', 'Setelah interval, permainan ketat masih terjadi. Baik Tontowi/Winny maupun\xa0Chan Peng Soon/Goh Liu Ying bergantian memperoleh poin.', 'Sempat terjadi poin sama 17-17 dan 18-18. Beruntung,\xa0Tontowi/Winny tetap bisa menjaga fokus dan mengakhiri laga dengan kemenangan 23-21.', ""\r\n        \r\n            googletag.cmd.push(function() { googletag.display('div-gpt-ad-974648810682144181-4112'); });\r\n        \r\n    "", ""\r\n            googletag.cmd.push(function() { googletag.display('div-gpt-ad-974648810682144181-4112'); });\r\n        "", '', '']"
28,olahraga,"['Hasil All England 2019, Ahsan/Hendra Melaju ke Perempat Final']","['BIRMINGHAM, KOMPAS.com - Pasangan ganda putra Indonesia,  Mohammad Ahsan/ Hendra Setiawan, berhasil melaju ke babak perempat final turnamen bulu tangkis  All England Open 2019.', 'BIRMINGHAM, KOMPAS.com', 'Mohammad Ahsan', 'Hendra Setiawan', 'All England Open 2019', 'Ahsan/Hendra lolos setelah meraih kemenangan 21-19, 21-18 atas pasangan Rusia, Valdimir Ivanov/Ivan Sozonov, pada laga babak kedua yang berlangsung di Arena Birmingham, Inggris, Kamis (7/3/2019).', 'Baca juga: Lampaui Target, NSH Jakarta Kini Bidik Gelar Juara IBL', 'Baca juga: Lampaui Target, NSH Jakarta Kini Bidik Gelar Juara IBL', 'Lampaui Target, NSH Jakarta Kini Bidik Gelar Juara IBL', 'Pada awal gim pertama, Ivanov/Sozonov sempat mendominasi permainan. Terbukti, mereka membuka laga dengan mencetak tiga angka beruntun.', 'Namun, Ahsan/Hendra sukses membalasnya dan membuat skor pertandingan menjadi imbang 3-3. Setelah itu, mereka pun mulai menemukan ritme permainan.', 'Lima poin beruntun dibukukan Ahsan/Hendra sehingga mereka bisa memimpin 11-6 saat fase interval.', 'Pada pengujung gim pertama, Ivanov/Sozonov sempat memangkas selisih skor menjadi hanya dua angka (16-18). Meski demikian, Ahsan/Hendra mampu mempertahankan keunggulan hingga akhir fase.', 'Memasuki gim kedua, baik Ahsan/Hendra maupun Ivanov/Sozonov bermain cukup sengit. Merea silih berganti mencetak angka hingga papan skor menunjukkan perolehan 3-3.', 'Akan tetapi, Ahsan/Hendra lagi-lagi menunjukkan pengalamannya. Mereka tampil lebih konsisten dan sanggup memimpin 11-8 saat jeda istirahat.', 'Setelah interval, Ivanov/Sozonov mencoba bangkit. Perlahan namun pasti, mereka mulai mengimbangi permainan pasangan Indonesia.', 'Hasilnya, Ivanov/Sozonov sempat memimpin 16-15. Kendati begitu, Ahsan/Hendra tetap mencoba tenang karena mereka akhirnya bisa unggul kembali.', 'Persaingan sengit masih berlangsung hingga akhir gim kedua. Ivanov/Sozonov masih menunjukkan perlawanan ngotot untuk memaksa laga ke gim ketiga.', 'Baca juga: Perayaan Nyepi ala Ni Ketut pada Turnamen All England Open 2019', 'Baca juga: Perayaan Nyepi ala Ni Ketut pada Turnamen All England Open 2019', 'Perayaan Nyepi ala Ni Ketut pada Turnamen All England Open 2019', 'Namun, Ahsan/Hendra tetap bermain fokus. Mereka pun memastikan kemenangan 21-18 pada gim kedua.', 'Bagi Ahsan/Hendra, ini adalah kemenangan kelima mereka atas Ivanov/Sozonov. Sebelumnya, kedua pasangan bertemu pada Indonesia Open 2013, Hongkong Open 2013, All England Open 2014, dan Japan Open 2015.', ""\r\n        \r\n            googletag.cmd.push(function() { googletag.display('div-gpt-ad-974648810682144181-4112'); });\r\n        \r\n    "", ""\r\n            googletag.cmd.push(function() { googletag.display('div-gpt-ad-974648810682144181-4112'); });\r\n        "", '', '']"
30,olahraga,"['Hasil All England 2019, Fajar/Rian Turut Lolos ke Perempat Final']","['BIRIMINGHAM, KOMPAS.com - Pasangan ganda putra Indonesia,  Fajar Alfian/ Muhammad Rian Ardianto, turut melaju ke babak perempat final turnamen  All England Open 2019.', 'BIRIMINGHAM, KOMPAS.com', 'Fajar Alfian', 'Muhammad Rian Ardianto', 'All England Open 2019', 'Fajar/Rian, yang merupakan unggulan ke delapan turnamen, lolos setelah menang 13-21, 21-19, 23-21 atas pasangan China,\xa0Ou Xuanyi/Ren Xiangyu, pada laga babak kedua di Arena Birmingham, Inggris, Kamis (7/3/2019).', 'Fajar/Rian lolos ke perempat final, mengikuti jejak sang senior, Mohammad Ahsan/Hendra Setiawan, yang sudah lebih dulu melaju.', 'Jalannya pertandingan', 'Jalannya pertandingan', 'Pada awal gim pertama, kedua pasangan sempat bersaing sengit. Mereka silih berganti mendulang poin hingga papan skor menunjukkan angka imbang 4-4.', 'Setelah itu, Fajar/Rian mulai menunjukkan tajinya. Empat angka beruntun ditorehkan dan membawa mereka unggul 8-4 atas Ou/Ren.', 'Namun, jelang turun minum, performa Fajar/Rian mengendur. Permainan efektif yang ditampilkan Ou/Ren membuat mereka berbalik unggul hingga 19-11.', 'Selisih poin yang cukup jauh membuat Fajar/Rian kesulitan memaksimalkan kesempatan yang ada. Gim pertama pun menjadi milik Ou/Ren dengan skor 21-13.', 'Memasuki gim kedua, Fajar/Rian mencoba untuk membayar kekalahan. Mereka berjuang keras untuk meredam permainan sengit dari Ou/Ren.', 'Setelah kedua pasangan bergantian mencetak poin pada awal gim kedua, Fajar/Rian mulai menemukan ritme permainan setelah interval.', 'Meskipun Ou/Ren masih memberikan perlawanan ketat, Fajar/Rian terbukti tampil lebih konsisten dan mampu menyudahi gim kedua dengan kemenangan 21-19.', 'Baca juga: Hasil All England 2019, Tontowi/Winny Tembus Perempat Final', 'Baca juga: Hasil All England 2019, Tontowi/Winny Tembus Perempat Final', 'Hasil All England 2019, Tontowi/Winny Tembus Perempat Final', 'Pertandingan pun berlanjut ke gim ketiga. Pada fase ini, kedua pasangan benar-benar ngotot menampilkan performa impresif.', 'Sejak awal hingga pengujung gim ketiga, mereka bergantian mencetak angka, memanfaatkan kecerobohan yang dilakukan lawan mereka masing-masing.', 'Papan skor pun sampai menunjukkan angka 18-18. Namun, pada momen genting inilah, Fajar/Rian menunjukkan kepiawaian mereka.', 'Setelah bersusah payah meladeni perlawanan Ou/Ren pada pengujung laga, Fajar/Rian akhirnya menyudahi gim ketiga dengan kemenangan 23-21.', ""\r\n        \r\n            googletag.cmd.push(function() { googletag.display('div-gpt-ad-974648810682144181-4112'); });\r\n        \r\n    "", ""\r\n            googletag.cmd.push(function() { googletag.display('div-gpt-ad-974648810682144181-4112'); });\r\n        "", '', '']"
31,olahraga,['Winny Oktavina Awalnya Terbebani Dipasangkan dengan Tontowi'],"['BIRMINGHAM, KOMPAS.com - Pemain ganda campuran muda Indonesia,  Winny Oktavina Kandow, mengaku awalnya merasa terbebani dipasangkan dengan pebulu tangkis senior sekaliber  Tontowi Ahmad.', 'BIRMINGHAM, KOMPAS.com', 'Winny Oktavina Kandow', 'Tontowi Ahmad', 'Pernyataan itu disampaikan Winny usai keberhasilannya bersama Tontowi menyingkirkan unggulan kelima asal Malaysia, Chan Peng Soon/Goh Liu Ying, pada babak kedua  All England Open 2019, di Arena Birmingham, Inggris, Kamis (7/3/2019).', 'All England Open 2019', 'Tontowi/Winny menang dengan skor rubber game 21-15, 16-21, 23-21, dan mereka pun berhak lolos ke babak perempat final.', 'rubber game', 'Baca juga: Hasil All England 2019, Tontowi/Winny Tembus Perempat Final', 'Baca juga: Hasil All England 2019, Tontowi/Winny Tembus Perempat Final', 'Hasil All England 2019, Tontowi/Winny Tembus Perempat Final', '""Berpasangan (sama Tontowi) awalnya beban, tetapi ketika tanding sudah tidak. Bang Owi kalau ngasih tahu tuh santai, lebih kayak ke teman,"" kata Winny seusai laga, seperti dikutip dari Badminton Indonesia.', 'Tontowi/Winny yang tampil lepas dan tanpa beban, berhasil memporak porandakan pertahanan Chan/Goh.', 'Pasangan Malaysia tersebut sampai harus jatuh bangun menghadapi serangan Tontowi/Winny yang sebetulnya tak terlalu agresif, tetapi penempatannya sulit diantisipasi.', 'Meski demikian, Tontowi menilai kerja samanya dengan Winny masih harus ditingkatkan. Ia masih terus membimbing Winny, terutama saat poin-poin kritis.', '""Tadi saya hanya bilang, kalau poin kritis, apalagi di kejuaraan penting, mati boleh, tetapi kita harus dalam keadaan siap. Kalau tadi kan matinya kami nggak siap. Jadi Winny kalau di poin kritis tadi harus siap,"" ujar Tontowi.', '""Dari awal, strategi kami sudah benar, tetapi di game kedua kami terpancing pola main lawan. Pada game ketiga, kami diberi instruksi sama pelatih dan bisa kembali menjalankan strategi seperti game pertama. Kami unggul di strategi, tetapi nggak bisa dibocorkan apa strateginya,"" ucap Tontowi.', 'game', 'game', 'game', 'Baca juga: Hasil All England 2019, Fajar/Rian Turut Lolos ke Perempat Final', 'Baca juga: Hasil All England 2019, Fajar/Rian Turut Lolos ke Perempat Final', 'Hasil All England 2019, Fajar/Rian Turut Lolos ke Perempat Final', 'Selain Tontowi/Winny, Mohammad Ahsan/Hendra Setiawan dan Fajar Alfian/Muhammad Rian Ardianto dari sektor ganda putra juga sukses melaju ke babak perempat final.', 'Saat artikel ini ditulis, masih ada beberapa wakil Indonesia lain yang belum tampil atau masih bermain, yakni Tommy Sugiarto (tunggal putra), Jonatan Christie (tunggal putra), Ni Ketut Mahadewi Istarani/Rizki Amelia Pradipta (ganda putri), Greysia Polii/Apriyani Rahayu (ganda putri), dan Praveen Jordan/Melati Daeva Oktavianti (ganda campuran).', ""\r\n        \r\n            googletag.cmd.push(function() { googletag.display('div-gpt-ad-974648810682144181-4112'); });\r\n        \r\n    "", ""\r\n            googletag.cmd.push(function() { googletag.display('div-gpt-ad-974648810682144181-4112'); });\r\n        "", '', '']"
32,olahraga,"['Lampaui Target, NSH Jakarta Kini Bidik Gelar Juara IBL']","['JAKARTA, KOMPAS.com - Penampilan  NSH Jakarta pada IBL Pertamax 2018-2019 benar-benar di luar dugaan. Berstatus tim ""kuda hitam"" atau non-unggulan, mereka justru mampu tampil impresif sepanjang babak reguler.', 'JAKARTA, KOMPAS.com', 'NSH Jakarta', 'Pada fase reguler, tim asuhan  Wahyu Widayat Jati itu sukses memimpin klasemen Divisi Merah dengan catatan 12 kemenangan dan enam kekalahan (30 poin).', 'Wahyu Widayat Jati', 'Dengan pencapaian tersebut, NSH pun berhak langsung lolos ke babak semifinal dan akan berhadapan dengan Satria Muda Pertamina Jakarta.', 'Baca juga: Lawan Stapac Jakarta, Pacific Caesar Optimistis Hadapi Semifinal IBL', 'Baca juga: Lawan Stapac Jakarta, Pacific Caesar Optimistis Hadapi Semifinal IBL', 'Lawan Stapac Jakarta, Pacific Caesar Optimistis Hadapi Semifinal IBL', 'Rekor pertemuan NSH dengan Satria Muda pada musim ini terbilang positif. Dari dua pertemuan di babak reguler, NSH sukses menuntaskannya dengan kemenangan.', 'Performa apik pun membuat para pemain dan pelatih NSH merasa percaya diri dan mereka pun mulai berani menargetkan gelar juara musim ini.', '""Mereka (Satria Muda) adalah tim papan atas dan sudah punya mental juara, sementara kami baru mencoba naik kelas jadi tim papan atas,"" kata Wahyu yang juga akrab disapa dengan nama Cacing.', '""Namun, kami akan tetap bekerja keras menghadapi mereka. Target masuk play-off sudah tercapai, bahkan melebihi. Kami pun ingin masuk final dan menjadi juara,"" kata dia.', 'play-off', 'Cacing tak memungkiri, di atas kertas, materi pemain NSH memang kalah jika dibandingkan dengan skuad Satria Muda yang sarat pengalaman.', 'Meski demikian, Cacing tetap percaya dengan kemampuan para pemainnya. Ia optimistis NSH bisa berbicara banyak saat menghadapi sang juara bertahan.', '""Bench player mereka lebih merata. Saya akan coba siapkan pemain-pemain pelapis kami agar lebih siap bertanding di babak semifinal,"" ucap Cacing.', 'Bench player', 'NSH memang menunjukkan peningkatan performa yang signifikan jika dibandingkan dengan musim lalu.', 'Baca juga: Perayaan Nyepi ala Ni Ketut pada Turnamen All England Open 2019', 'Baca juga: Perayaan Nyepi ala Ni Ketut pada Turnamen All England Open 2019', 'Perayaan Nyepi ala Ni Ketut pada Turnamen All England Open 2019', 'Pada musim lalu, mereka hanya mencatat dua kali kemenangan. Akan tetapi, pada musim ini, Wendha Wijaya dkk mampu menjadi juara divisi.', 'NSH memiliki dua pemain asing yang tampil impesif, yakni Deshaun Wiggins (guard) dan Anthony Simpson (center). Selain itu, sejumlah pemain lokal mereka juga bermain apik, salah satunya Andre Rorimpandey.', 'guard', 'center', ""\r\n        \r\n            googletag.cmd.push(function() { googletag.display('div-gpt-ad-974648810682144181-4112'); });\r\n        \r\n    "", ""\r\n            googletag.cmd.push(function() { googletag.display('div-gpt-ad-974648810682144181-4112'); });\r\n        "", '', '']"
33,olahraga,"['Lolos ke Babak Kedua All England, Tontowi/Winny Akui Belum Padu']","['BIRMINGHAM, KOMPAS.com - Pasangan ganda campuran  Tontowi Ahmad/ Winny Oktavina Kandow menjadi salah satu wakil Indonesia yang berhasil melaju ke babak kedua  All England Open 2019.', 'BIRMINGHAM, KOMPAS.com', 'Tontowi Ahmad', 'Winny Oktavina Kandow', 'All England Open 2019', 'Tontowi/Winny sukses menembus babak kedua setelah memenangi laga ""perang saudara"" melawan\xa0Alfian Eko Prasetya/Marsheilla Gischa Islami yang juga berasal dari Indonesia di Arena Birmingham, Inggris, Rabu (6/3/2019).', 'Alfian Eko Prasetya/Marsheilla Gischa Islami yang juga berasal dari Indonesia di Arena Birmingham, Inggris, Rabu (6/3/2019).', 'Baca juga: Perayaan Nyepi ala Ni Ketut pada Turnamen All England Open 2019', 'Baca juga: Perayaan Nyepi ala Ni Ketut pada Turnamen All England Open 2019', 'Baca juga: Perayaan Nyepi ala Ni Ketut pada Turnamen All England Open 2019', 'Perayaan Nyepi ala Ni Ketut pada Turnamen All England Open 2019', 'Dalam pertandingan itu, Tontowi/Winny memang sukses meraih kemenangan\xa0straight game\xa021-7, 21-18. Namun, mereka menilai masih banyak hal yang perlu diperbaiki.', 'Dalam pertandingan itu, Tontowi/Winny memang sukses meraih kemenangan\xa0straight game\xa021-7, 21-18. Namun, mereka menilai masih banyak hal yang perlu diperbaiki', 'straight game', '21-7, 21-18. Namun, mereka menilai masih banyak hal yang perlu diperbaiki', '""Fokusnya sih. Dari ketenangan, Winny memang beda ya (dengan Liliyana Natsir). Kami kan baru ikut dua turnamen, jadi\xa0chemistry\xa0dan kekompakannya belum begitu padu,"" ujar Tontowi dikutip dari Badminton Indonesia, Kamis (7/3/2019).', '""Fokusnya sih. Dari ketenangan, Winny memang beda ya (dengan Liliyana Natsir). Kami kan baru ikut dua turnamen, jadi\xa0chemistry\xa0dan kekompakannya belum begitu padu,"" ujar Tontowi dikutip dari Badminton Indonesia, Kamis (7/3/2019).', 'Fokusnya sih. Dari ketenangan, Winny memang beda ya (dengan Liliyana Natsir). Kami kan baru ikut dua turnamen, jadi\xa0', 'chemistry\xa0', 'dan kekompakannya belum begitu padu,"" ujar Tontowi dikutip dari Badminton Indonesia, Kamis (7/3/2019).', 'Winny pun tak menampik opini pasangannya tersebut. Dia mengaku masih sering membuat kesalahan yang menguntungkan pihak lawan.', 'Winny pun tak menampik opini pasangannya tersebut. Dia mengaku masih sering membuat kesalahan yang menguntungkan pihak lawan.', 'Winny pun tak menampik opini pasangannya tersebut. Dia mengaku masih sering membuat kesalahan yang menguntungkan pihak lawan.', '""Ketenangan saya masih kurang dan gampang mati sendiri, masih gampang lengah. Waktu sudah unggul, mati satu, mati satu, ya sudah begitu terus,"" ucap Winny.', '""Ketenangan saya masih kurang dan gampang mati sendiri, masih gampang lengah. Waktu sudah unggul, mati satu, mati satu, ya sudah begitu terus,"" ucap Winny.', '""Ketenangan saya masih kurang dan gampang mati sendiri, masih gampang lengah. Waktu sudah unggul, mati satu, mati satu, ya sudah begitu terus,"" ucap Winny.', '""Ketenangan saya masih kurang dan gampang mati sendiri, masih gampang lengah. Waktu sudah unggul, mati satu, mati satu, ya sudah begitu terus,"" ucap Winny.', 'Pada All England Open 2019, sektor\xa0ganda campuran Indonesia mendapat hasil undian yang kurang menguntungkan.\xa0Tercatat, ada empat wakil Indonesia yang harus ""saling bunuh"" pada babak pertama.', 'Pada All England Open 2019, sektor\xa0ganda campuran Indonesia mendapat hasil undian yang kurang menguntungkan.\xa0', 'Pada All England Open 2019, sektor\xa0ganda campuran Indonesia mendapat hasil undian yang kurang menguntungkan.\xa0', 'Pada All England Open 2019, sektor\xa0ganda campuran Indonesia mendapat hasil undian yang kurang menguntungkan.\xa0', 'ganda campuran Indonesia mendapat hasil undian yang kurang menguntungkan.\xa0', 'Baca juga: LeBron James Lampaui Rekor Michael Jordan', 'Baca juga: LeBron James Lampaui Rekor Michael Jordan', 'LeBron James Lampaui Rekor Michael Jordan', 'Selain Tontowi/Winny melawan Alfian/Marsheilla, ada pula duel antara\xa0Praveen Jordan/Melati Daeva Oktavianti dan Hafiz Faizal/Gloria Emanuelle Widjaja.', 'Selain Tontowi/Winny melawan Alfian/Marsheilla, ada pula duel antara\xa0Praveen Jordan/Melati Daeva Oktavianti dan Hafiz Faizal/Gloria Emanuelle Widjaja.', 'Selain Tontowi/Winny melawan Alfian/Marsheilla, ada pula duel antara\xa0Praveen Jordan/Melati Daeva Oktavianti dan Hafiz Faizal/Gloria Emanuelle Widjaja.', 'Selain Tontowi/Winny melawan Alfian/Marsheilla, ada pula duel antara\xa0Praveen Jordan/Melati Daeva Oktavianti dan Hafiz Faizal/Gloria Emanuelle Widjaja.', 'Selain Tontowi/Winny melawan Alfian/Marsheilla, ada pula duel antara\xa0Praveen Jordan/Melati Daeva Oktavianti dan Hafiz Faizal/Gloria Emanuelle Widjaja.', 'Praveen Jordan/Melati Daeva Oktavianti dan Hafiz Faizal/Gloria Emanuelle Widjaja.', 'Praveen/Melati sendiri akhirnya berhasil mengalahkan Hafiz/Gloria dengan skor\xa017-21,\xa021-18,\xa021-19.', 'Praveen/Melati sendiri akhirnya berhasil mengalahkan Hafiz/Gloria dengan skor\xa017-21,\xa021-18,\xa021-19.', 'Praveen/Melati sendiri akhirnya berhasil mengalahkan Hafiz/Gloria dengan skor\xa017-21,\xa021-18,\xa021-19.', 'Praveen/Melati sendiri akhirnya berhasil mengalahkan Hafiz/Gloria dengan skor\xa017-21,\xa021-18,\xa021-19.', 'Praveen/Melati sendiri akhirnya berhasil mengalahkan Hafiz/Gloria dengan skor\xa017-21,\xa021-18,\xa021-19.', 'Praveen/Melati sendiri akhirnya berhasil mengalahkan Hafiz/Gloria dengan skor\xa017-21,\xa021-18,\xa021-19.', '17-21,\xa0', '21-18,\xa0', '21-19.', 'Pada babak kedua, Tontowi/Winny akan menghadapi pasangan unggulan kelima asal Malaysia, Chan Peng Soon/Goh Liu Ying. Sementara itu, Praveen/Melati bakal melawan Mark Lamsfuss/Isabel Herttrich (Jerman).', 'Pada babak kedua, Tontowi/Winny akan menghadapi pasangan unggulan kelima asal Malaysia, Chan Peng Soon/Goh Liu Ying. Sementara itu, Praveen/Melati bakal melawan Mark Lamsfuss/Isabel Herttrich (Jerman).', 'Pada babak kedua, Tontowi/Winny akan menghadapi pasangan unggulan kelima asal Malaysia, Chan Peng Soon/Goh Liu Ying. Sementara itu, Praveen/Melati bakal melawan Mark Lamsfuss/Isabel Herttrich (Jerman).', 'Pada babak kedua, Tontowi/Winny akan menghadapi pasangan unggulan kelima asal Malaysia, Chan Peng Soon/Goh Liu Ying. Sementara itu, Praveen/Melati bakal melawan Mark Lamsfuss/Isabel Herttrich (Jerman).', 'Pada babak kedua, Tontowi/Winny akan menghadapi pasangan unggulan kelima asal Malaysia, Chan Peng Soon/Goh Liu Ying. Sementara itu, Praveen/Melati bakal melawan Mark Lamsfuss/Isabel Herttrich (Jerman).', 'Pada babak kedua, Tontowi/Winny akan menghadapi pasangan unggulan kelima asal Malaysia, Chan Peng Soon/Goh Liu Ying. Sementara itu, Praveen/Melati bakal melawan Mark Lamsfuss/Isabel Herttrich (Jerman).', 'Pada babak kedua, Tontowi/Winny akan menghadapi pasangan unggulan kelima asal Malaysia, Chan Peng Soon/Goh Liu Ying. Sementara itu, Praveen/Melati bakal melawan Mark Lamsfuss/Isabel Herttrich (Jerman).', ""\r\n        \r\n            googletag.cmd.push(function() { googletag.display('div-gpt-ad-974648810682144181-4112'); });\r\n        \r\n    "", ""\r\n            googletag.cmd.push(function() { googletag.display('div-gpt-ad-974648810682144181-4112'); });\r\n        "", '', '']"
34,olahraga,"['Hasil All England 2019, Greysia/Apriyani Raih Tiket ke Perempat Final']","['BIRMINGHAM, KOMPAS.com - Wakil ganda putri Indonesia, Greysia Polii/Apriyani Rahayu, meraih tiket ke babak perempat final  All England Open 2019.', 'BIRMINGHAM, KOMPAS.com', 'All England Open 2019', 'Greysia/Apriyani berhasil mengalahkan wakil dari China Dong Wenjing/Feng Xueying pada laga babak kedua yang digelar di Arena Birmingham, Inggris, Kamis (7/3/2019) atau Jumat dini hari WIB dengan skor akhir 21-10 dan 21-12.', 'Pada gim pertama, Greysia/Apriyani sudah unggul sejak awal laga atas Dong/Feng dengan skor 4-2.', 'Pasangan Indonesia itu terus mengungguli lawannya hingga jeda interval yang berakhir dengan skor 11-4.', 'Baca juga: Hasil All England Open 2019 - Ketut/Rizki Raih Tiket ke Perempat Final', 'Baca juga: Hasil All England Open 2019 - Ketut/Rizki Raih Tiket ke Perempat Final', 'Hasil All England Open 2019 - Ketut/Rizki Raih Tiket ke Perempat Final', 'Tertinggal jauh, Dong/Feng sempat memperkecil jarak setelah jeda interval dengan mengubah jarak skor menjadi 14-8.', 'Namun, Greysia/Apriyani berhasil mengakhiri gim pertama dengan keunggulan 21-10 atas Dong/Feng.', 'Pada awal gim kedua, Greysia/Apriyani dan Dong/Feng sempat saling kejar skor.', 'Namun, Greysia berhasil memimpin sementara dengan skor 6-3. Dong/Feng sempat menyamakan kedudukan menjadi 8-8. Namun, lagi-lagi pasangan Indonesia masih unggul hingga jeda interval dengan skor 11-8.', 'Selepas jeda, Greysia/Apriyani makin mendominasi pertandingan sehingga gim kedua ini berakhir dengan skor 21-12.', 'Dengan hasil tersebut, Greysia Polii/Apriyani Rahayu melaju ke babak perempat final dan akan menghadapi Chen Qingchen/Jia Yifan (China).', ""\r\n        \r\n            googletag.cmd.push(function() { googletag.display('div-gpt-ad-974648810682144181-4112'); });\r\n        \r\n    "", ""\r\n            googletag.cmd.push(function() { googletag.display('div-gpt-ad-974648810682144181-4112'); });\r\n        "", '', '']"
34,olahraga,"['Hasil All England 2019, Ketut/Rizki Melaju ke Perempat Final']","['BIRMINGHAM, KOMPAS.com - Ganda putri Indonesia,  Ni Ketut Mahadewi Istarani/ Rizki Amelia Pradipta melaju ke perempat final seusai kalahkan wakil Korea Selatan Chang Ye Na/Jung Kyung Eun pada babak kedua ganda putri  All England Open 2019.', 'BIRMINGHAM, KOMPAS.com', 'Ni Ketut Mahadewi Istarani', 'Rizki Amelia Pradipta', 'All England Open 2019', 'Ni Ketut Mahadewi Istarani/Rizki Amelia Pradipta mengalahkan Chang Ye Na/Jung Kyung Eun pada laga yang digelar di Arena Birmingham, Inggris, Kamis (7/3/2019) atau Jumat dini hari WIB dengan skor akhir 21-13, 21-11.', 'Ketut/Rizki sejak awal gim pertama sudah memimpin terlebih dahulu. Mereka berhasil membuka keunggulan hingga skor menjadi 3-1.', 'Baca juga: All England Open 2019 - Tommy Sugiarto Pastikan Tempat di 8 Besar', 'Baca juga: All England Open 2019 - Tommy Sugiarto Pastikan Tempat di 8 Besar', 'All England Open 2019 - Tommy Sugiarto Pastikan Tempat di 8 Besar', 'Sempat saling kejar-kejaran skor, Ketut/Rizki unggul hingga jeda interval pertama dengan skor 11-7.', 'Selepas jeda, pasangan ganda putri Indonesia itu terus unggul dan mengakhiri gim pertama dengan skor 21-13.', 'Pada gim kedua, Chang/Jung sempat memimpin terlebih dahulu dengan skor 0-2.', 'Namun, Ketut/Rizki berhasil menyamakan kedudukan menjadi 2-2. Pasangan Indonesia itu bahkan tersebut terus unggul hingga jeda interval dengan skor 11-5.', 'Hingga gim kedua berakhir, Ketut/Rizki unggul atas Chang/Jung dengan skor akhir 21-11.', 'Dengan hasil ini, Ni Ketut Mahadewi Istarani/ Rizki Amelia Pradipta berhasil melaju ke babak perempat final All England Open 2019 dan akan menghadapi pasangan Jepang, yaitu Shiho Tanaka/Koharu Yonemoto.', ""\r\n        \r\n            googletag.cmd.push(function() { googletag.display('div-gpt-ad-974648810682144181-4112'); });\r\n        \r\n    "", ""\r\n            googletag.cmd.push(function() { googletag.display('div-gpt-ad-974648810682144181-4112'); });\r\n        "", '', '']"
36,olahraga,['Holloway Perlu Batu Loncatan Untuk Hadapi Khabib'],"['LOS ANGELES, Kompas.com - Juara kelas bulu UFC, Max Holloway tidak ingin kehilangan kesempatan lagi untuk menghadapi juara kelas ringan asal Rusia,\xa0  Khabib Nurmagomedov.', 'LOS ANGELES, Kompas.com', 'Khabib Nurmagomedov', 'Holloway pernah tiga kali memiliki kesempatan berhadapan dengan Khabib, namun gagal karena beberapa alasan. Holloway (20-4 MMA, 16-4 UFC) akan naik ke kelas ringan untuk menghadapi Dustin Poirier (24-5 MMA, 16-4 UFC) dalam perebutan gelar juara interim pada UFC 236. ', 'Juara kelas ringan sejati, Khabib Nurmagomedov (27-0 MMA, 11-0 UFC) saat ini tengah menjalani hukuman larangan bertarung selama sembilan bulan menuyusul keributan pada UFC 229, Oktober tahun lalu.', 'Pihak UFC kemudian menawarkan Holloway untuk memperebutkan gelar juara interim menghadapi Poirier. Petarung ini pernah mengalahkan Holloway\xa0 pada UFC 223, April 2018.', 'Menurut Holloway, pertarungan menghadapi Poirier merupakan pintu baginya untuk menghadapi Khabib. ""Khabib bilang ia akan menghadapi saya bila saya sudah membuktikan saya layak,"" kata Holloway.\xa0 ""Saya akan menghadapi Dustin, pada 13 April ini untuk membuktikan siapa saya. Jadi pada saatnya Khabib siap bertarung lagi, saya sudah siap.""', 'UFC 236 akan berlangsung di State Farm Arena, Atlanta pada 13 April mendatang. Poirier mengalahkan Holloway pada UFC 143, Februari 2012, namun sejak kekalahan tersebut karir Holloway justru semakin hebat dengan antara lain dua kali mengalahkan petarung Brasil, Jose Aldo.', 'Saat ini, Holloway mengaku hanya berkonsentrasi untuk pertarungan menghadapi Poirier. ""Setelah pertarungan menghadapi Ortega, mereka menawarkan pertarungan 13 April ini,"" kata Holloway. ""Setelah menghadapi dia, saya baru akan berpikir soal pertarungan yang lain.""', ""\r\n        \r\n            googletag.cmd.push(function() { googletag.display('div-gpt-ad-974648810682144181-4112'); });\r\n        \r\n    "", ""\r\n            googletag.cmd.push(function() { googletag.display('div-gpt-ad-974648810682144181-4112'); });\r\n        "", '', '']"
37,olahraga,"['Hasil All England 2019, Tommy Sugiarto Melaju ']","['', '', 'BIRMINGHAM, KOMPAS.com -\xa0 Tommy Sugiarto melangkah ke babak perempat final  All England 2019 seusai meraih hasil positif pada pertandingan babak kedua, Kamis (7/3/2019).\xa0', 'BIRMINGHAM, KOMPAS.com -\xa0', 'Tommy Sugiarto', 'All England', 'Tommy Sugiarto menang atas wakil China, Huang Yuxiang. Dia harus melewati pertarungan tiga gim, 22-24, 21-17, 21-16.', 'Dia menjadi wakil keempat Indonesia pada babak perempat final All England Open 2019. Dia menyusul Mohammad Ahsan/Hendra Setiawan, Fajar Alfian/Muhammad Rian Ardianto, dan Tontowi Ahmad/Winny Oktavina Kandow yang lebih dulu lolos.', 'Baca juga: Winny Oktavina Awalnya Terbebani Dipasangkan dengan Tontowi', 'Baca juga: Winny Oktavina Awalnya Terbebani Dipasangkan dengan Tontowi', 'Winny Oktavina Awalnya Terbebani Dipasangkan dengan Tontowi', 'Duel Tommy Sugiarto vs Huang Yuxiang berlangsung ketat. Kedua pemain kerap susul menyusul angka dan menyamakan kedudukan.', 'Tommy sempat unggul usai lepas dari skor imbamg 11-11. Namun, Huang Yixiang terus mengejar dan skor kembali imbang 16-16.', 'Keadaan imbang bahkan terjadi hingga interval 22-22. Namun, Huang-lah yang lebih dulu keluar dari tekanan dan meraih dua poin tambahan dan dimenanginya dengan 24-22.', 'Memasuki gim kedua, Tommy lagi-lagi tertinggal. Dia sempat tertahan pada poin ke-5 dan tertinggal 5-10.', 'Dia pelan-pelan bangkit dan ganti meraih poin beruntun untuk menyamakan skor menjadi 10-10. Sukses menyamakan angka dengan Huang seperti melecut semangat Tommy untuk meraih 5 poin tambahan.', 'Baca juga: Hasil All England 2019, Fajar/Rian Turut Lolos ke Perempat Final', 'Baca juga: Hasil All England 2019, Fajar/Rian Turut Lolos ke Perempat Final', 'Hasil All England 2019, Fajar/Rian Turut Lolos ke Perempat Final', 'Artinya, dari perolehan angka ke-5, Tommy meraih 10 angka beruntun! Dia pun berbalik unggul 16-10. Keadaan di atas angin membuat Tommy tanpa kesulitan mempertahankan keunggulan untuk meraih poin-poin tersisa.', 'Sebaliknya, Huang hanya sanggup membukukan 7 angka tambahan.\xa0 Tommy pun memenangi laga gim kedua dengan 21-17 dan membuat laga berlanjut ke gim ketiga.', 'Gim ketiga diawali Tommy dengan cukup baik. Dia sempat terkejar oleh Huang, akan tetapi bisa mengembalikan keunggulan menjadi 11-9. Keadaan berbalik pada skor 13-13.', 'Huang meraih dua angka beruntun dan unggul 15-15. Tidak tinggal diam, Tommy ganti membalas dengan tiga poin tambahan dan unggul 16-15.', 'Tommy kembali tidak menyia-nyiakan keunggulan tersebut dan mendulang empat poin tambahan untuk mencapai match point. Huang sempat menjegal langkah Tommy dengan meraih satu angka tambahan.', 'Namun, Tommy bisa membalas dengan satu poin terakhir dan menutup gim ketiga dengan 21-16. Dia pun memastikan tempat di perempat final.\xa0(Lariza Oky Adisty)\xa0', '(Lariza Oky Adisty)\xa0', ""\r\n        \r\n            googletag.cmd.push(function() { googletag.display('div-gpt-ad-974648810682144181-4112'); });\r\n        \r\n    "", ""\r\n            googletag.cmd.push(function() { googletag.display('div-gpt-ad-974648810682144181-4112'); });\r\n        "", '', '']"
38,olahraga,"['Sakit Telapak Kaki, Langkah Priska Terhenti']","['NONTHABURI, Kompas.com - Petenis Indonesia, Priska Madelyn Nugroho terhenti pada babak perempat final PTT - ITF Grade 1 di Nonthaburi, Thailand, Kamis (7/3)', 'NONTHABURI, Kompas.com', 'Unggulan kedua itu harus mengakui keunggulan wakil Ceko, Kristyna Lavickova. Priska kalah straight set dari seeded ke-10 itu, 4-6 2-6.', '""Tidak banyak peluang yang bisa saya ambil dalam pertandingan perempatfinal. Saya terkendala adanya blister di telapak kaki yang mengganggu performa,"" ucap Priska yang kini menempati peringkat ke-40 junior dunia.', 'Pekan depan, Priska akan melanjutkan kiprahnya di turnamen Sarawak Chief Minister ITF Junior Grade 1 di Kuching, Malaysia. ""Saya butuh waktu untuk recovery . Mudah-mudahan\xa0 bisa tampil maksimal minggu depan. Dan gak ada halangan non teknis seperti yang saya hadapi sekarang,"" tutup Priska.', ""\r\n        \r\n            googletag.cmd.push(function() { googletag.display('div-gpt-ad-974648810682144181-4112'); });\r\n        \r\n    "", ""\r\n            googletag.cmd.push(function() { googletag.display('div-gpt-ad-974648810682144181-4112'); });\r\n        "", '', '']"
39,olahraga,"['Hasil All England 2019, Jonatan Christie Disingkirkan Wakil India']","['BIRMINGHAM, KOMPAS.com - Pebulu tangkis tunggal putra Indonesia,  Jonatan Christie, gagal melaju ke perempat final  All England Open 2019 setelah kalah dari Kidambi Srikanth pada laga babak kedua.', 'BIRMINGHAM, KOMPAS.com', 'Jonatan Christie', 'All England Open 2019', 'Bertanding di Arena Birmingham, Inggris, Kamis (7/3/2019), Srikanth mengalahkan Jonatan dengan skor rubber game 21-17, 11-21, 21-12.', 'rubber game', 'Baca juga: Hasil All England 2019, Tommy Sugiarto Melaju ', 'Baca juga: Hasil All England 2019, Tommy Sugiarto Melaju ', 'Hasil All England 2019, Tommy Sugiarto Melaju ', 'Srikanth tampil mendominasi pada gim pertama. Ia beberapa kali sukses melepaskan pukulan yang sulit diantisipasi oleh Jonatan.', 'Jonatan juga sempat melakukan penempatan bola yang menyulitkan Srikanth. Namun, ia juga kerap membuat kesalahan seperti bola tersangkut net dan keluar garis.', 'Situasi itu pun dimanfaatkan dengan baik oleh Srikanth. Gim pertama pun berhasil dimenangi pemain nomor delapan dunia itu dengan skor 21-17.', 'Kalah pada gim pertama, Jonatan mencoba bangkit pada gim kedua. Enam poin beruntun pun langsung dibukukan oleh pemain jebolan PB Tangkas tersebut.', 'Jonatan terus mempertahankan ritme permainannya. Ia pun berhasil menutup interval gim kedua dengan keunggulan 11-6.', 'Setelah interval, Srikanth terlihat semakin kesulitan dalam mengendalikan permainannya. Beberapa kali pukulannya out.', 'out', 'Rubber game pun terpaksa digelar setelah Jonatan mengantongi kemenangan gim kedua dengan kedudukan 21-11.', 'Rubber game', 'Pada gim penentuan, Srikanth kembali menemukan ritme permainannya. Empat poin beruntun yang diraih membawanya unggul 7-2 atas Jonatan.', 'Setelah interval, Srikanth semakin mendominasi. Sementara itu, Jonatan kembali melakukan sejumlah kesalahan.', 'Permainan konsisten yang ditampilkan Srikanth membawanya unggul hingga skor 19-10 atas Jonatan.', 'Baca juga: Dejan Antonic: Yang Punya Hati Lebih Besar Bisa Menangi Laga', 'Baca juga: Dejan Antonic: Yang Punya Hati Lebih Besar Bisa Menangi Laga', 'Dejan Antonic: Yang Punya Hati Lebih Besar Bisa Menangi Laga', 'Srikanth tak lagi kesulitan untuk melanjutkan tren positif tersebut. Ia berhasil menyudahi laga gim ketiga dengan kemenangan 21-12.', 'Dengan hasil ini, sektor tunggal putra Indonesia pun tinggal menyisakan Tommy Sugiarto.', ""\r\n        \r\n            googletag.cmd.push(function() { googletag.display('div-gpt-ad-974648810682144181-4112'); });\r\n        \r\n    "", ""\r\n            googletag.cmd.push(function() { googletag.display('div-gpt-ad-974648810682144181-4112'); });\r\n        "", '', '']"
